DIVERS;BALAI DE SOL;23,00;1 000;UNITE
DIVERS;BALAI CANTONNÉ;1100,00;1 900;UNITE
DIVERS;BROSSE WC 8078;379,00;850;UNITE
DIVERS;FACE MASK;427,00;2 000;BOITE
DIVERS;GAZON SYNTHETIQUE;4,00;350 000;ROULEAU
DIVERS;PINCEAU 100MM;1,00;76 000;CARTON
DIVERS;PINCEAU 40MM;3,00;90 000;CARTON
DIVERS;PINCEAU 50MM;7,00;100 000;CARTON
DIVERS;PINCEAU 60MM;5,00;100 000;CARTON
DIVERS;PINCEAU 70MM;4,00;120 000;CARTON
DIVERS;RIDEAU DE DOUCHE;51,00;1 800;UNITE
DIVERS;SERPIERE;121,00;7 000;DOUZAINE
;;;;
;;;;
;;;;
;;;;
;;;;
;;;;
;;;;
;;;;
;;;;
;;;;
;;;;
;;;;
;;;;
;;;;
;;;;
;;;;
;;;;
;;;;
;;;;
;;;;
;;;;
;;;;
;;;;
;;;;
;;;;
;;;;
;;;;
;;;;
;;;;
;;;;
;;;;
;;;;
;;;;
;;;;
;;;;
;;;;
;;;;
;;;;
;;;;
;;;;
;;;;
;;;;
;;;;
;;;;
;;;;
;;;;
;;;;
;;;;
;;;;
;;;;
;;;;
;;;;
;;;;
;;;;
;;;;
;;;;
;;;;
;;;;
;;;;
;;;;
;;;;
;;;;
;;;;
;;;;
;;;;
;;;;
;;;;
;;;;
;;;;
;;;;
;;;;
;;;;
;;;;
;;;;
;;;;
;;;;
;;;;
;;;;
;;;;
;;;;
;;;;
;;;;
;;;;
