DIVERS;BALAI DE SOL;23;1 000;UNITE
DIVERS;BALAI CANTONNÉ;1100;1 900;UNITE
DIVERS;BROSSE WC 8078;379;850;UNITE
DIVERS;FACE MASK;427;2 000;BOITE
DIVERS;GAZON SYNTHETIQUE;4;350 000;ROULEAU
DIVERS;PINCEAU 100MM;1;76 000;CARTON
DIVERS;PINCEAU 40MM;3;90 000;CARTON
DIVERS;PINCEAU 50MM;7;100 000;CARTON
DIVERS;PINCEAU 60MM;5;100 000;CARTON
DIVERS;PINCEAU 70MM;4;120 000;CARTON
DIVERS;RIDEAU DE DOUCHE;51;1 800;UNITE
DIVERS;SERPIERE;121;7 000;DOUZAINE
CHARPENTE ET MENUISIERIE;BAGUETTE ATLANTICS 2.5;19;24 000;CARTON
CHARPENTE ET MENUISIERIE;BAGUETTE ATLANTICS 3.2;40;24 000;CARTON
CHARPENTE ET MENUISIERIE;CENTIMETRE JAUNE TRANSPARENT F2-13928-2;14;6 000;DOUZAINE
CHARPENTE ET MENUISIERIE;CENTIMETRE VERT F2-13928-1;79;7 000;DOUZAINE
CHARPENTE ET MENUISIERIE;COLLE TOP BOND 1KG;5;31 000;CARTON
CHARPENTE ET MENUISIERIE;COUTEAU D'ENDUIRE DE 16;2;66 000;CARTON
CHARPENTE ET MENUISIERIE;"EQUERRE 10""*12""";1;3 000;DOUZAINE
CHARPENTE ET MENUISIERIE;"EQUERRE 12""*14""";4;4 000;DOUZAINE
CHARPENTE ET MENUISIERIE;GRILLAGE FENETRE VITRIER 1M20;75;14 000;ROULEAU
CHARPENTE ET MENUISIERIE;GRILLAGE LAPIN 1M20 VERT;26;36 000;ROULEAU
CHARPENTE ET MENUISIERIE;GRILLAGE LAPIN GALVANISÉ 25M ORIGINAL;11;46 000;ROULEAU
CHARPENTE ET MENUISIERIE;GRILLAGE TAMI 1M20;66;13 500;ROULEAU
CHARPENTE ET MENUISIERIE;GRILLARGE POULLAILE 1M20 2DOIGT;6;38 000;ROULEAU
CHARPENTE ET MENUISIERIE;GRILLARGE POULLAILE 1M20 1DOIGT;1;46 000;ROULEAU
CHARPENTE ET MENUISIERIE;POINTE ACIER 10;1;23 000;CARTON
CHARPENTE ET MENUISIERIE;POINTE TAPICIER 1/2;9;23 000;CARTON
CHARPENTE ET MENUISIERIE;POINTE TAPICIER 3/4;54;23 000;CARTON
CHARPENTE ET MENUISIERIE;POINTE TAPICIER 5/8;1;23 000;CARTON
CHARPENTE ET MENUISIERIE;VERROU PAPILLON 40;18;47 500;CARTON
CHARPENTE ET MENUISIERIE;VERROU PAPILLON 50;9;49 500;CARTON
CHARPENTE ET MENUISIERIE;VICE DE RAPPEL 009CMECOC;54;70 000;CARTON
ELECTRICITÉ;AMPOULE GLOBE;18;4 500;UNITE
ELECTRICITÉ;ATTACHE DE 8 INGELEC;47;500;UNITE
ELECTRICITÉ;BOITE D'ENCARDREMENT INGELEC;1000;90;UNITE
ELECTRICITÉ;BOUTON A POUSSOI ETANCHE ENCASTRE 5881/53;3;60 000;CARTON
ELECTRICITÉ;CHEVILLE 10;160;500;BOITE
ELECTRICITÉ;CHEVILLE 8;3;500;BOITE
ELECTRICITÉ;COMPTEUR INGELEC DDS 1531;2;42 000;CARTON
ELECTRICITÉ;DOUBLE ETANCHE ENCASTRE 5882/20;4;75 000;CARTON
ELECTRICITÉ;PRISE ETANCHE ENCASTRE 4886;11;75 000;CARTON
ELECTRICITÉ;TUYAUX CUIVRE;61;110 000;ROULEAU
ELECTRICITÉ;VENTILATEUR CMC;23;22 000;UNITE
ELECTRICITÉ;VENTILATEUR ITC;77;22 000;UNITE
ELECTRICITÉ;VENTILATEUR PANASONIK;90;22 000;UNITE
ELECTRICITÉ;VENTILATEUR SMC;135;20 000;UNITE
MACONNERIE;BOTTES POINTURE 41;14;3 500;PAIRE
MACONNERIE;BOTTES POINTURE 42;90;3 500;PAIRE
MACONNERIE;BOTTES POINTURE 43;17;3 500;PAIRE
MACONNERIE;BOTTES POINTURE 44;20;3 500;PAIRE
MACONNERIE;BOTTES POINTURE 45;37;3 500;PAIRE
MACONNERIE;BOTTES POINTURE 47;49;3 500;PAIRE
MACONNERIE;BROUETTES (au complet, avec tous accessoires);7;20 500;UNITE
MACONNERIE;PERLES;1;1 800;UNITE
MACONNERIE;PIEERRE À MELER 50/CT;83;500;UNITE
MACONNERIE;PIERRE À COUPER 100/CT;413;500;UNITE
MACONNERIE;PIOCHE 2KILO;1;30 000;UNITE
MACONNERIE;PUNEU BROUETTE;237;4 500;UNITE
MACONNERIE;RACCORD D'EAU BLANC;22;17 000;ROULEAU
MACONNERIE;RACCORD D'EAU JAUNE;22;17 000;ROULEAU
MACONNERIE;RACCORD D'EAU VERT;6;17 000;ROULEAU
PLOMBERIE;ROBINET EVIER GOLD MIX;1;5 000;UNITE
PLOMBERIE;ABATTAN LOURD;193;6 000;UNITE
PLOMBERIE;ABATTAN PARMA ;85;3 500;UNITE
PLOMBERIE;ABATTANT WC COMBINE J2-SC1770;5;30 000;UNITE
PLOMBERIE;ABATTANT WC COMBINE J2-SC1767;5;30 000;UNITE
PLOMBERIE;ACCESOIRE PARMA;105;11 500;UNITE
PLOMBERIE;BALLON FLOTTEUR NOIRE;20;5 500;UNITE
PLOMBERIE;BOMBONE À EAU;15;1 500;UNITE
PLOMBERIE;BONDE LAVABO FIRMER;113;4 500;UNITE
PLOMBERIE;BOUCHON FOSSES SEPTIQUES;80;15 000;UNITE
PLOMBERIE;BOUCHON GALVA 15/21 FEMELLE;1;75;UNITE
PLOMBERIE;BOUCHON GALVA 15/21 MALE;27063;65;UNITE
PLOMBERIE;BOUCHON GALVA 20/27 FEMELLE;990;125;UNITE
PLOMBERIE;BOUCHON GALVA 20/27 MALE;9;125;UNITE
PLOMBERIE;BOUCHON LAITON FEMELLE 15/21;2016;200;UNITE
PLOMBERIE;BOUCHON LAITON MALE 15/21;3295;200;UNITE
PLOMBERIE;BOUCHON PPR 20 FEMELLE;338;60;UNITE
PLOMBERIE;BOUCHON PPR 20 MÂLE;2051;60;UNITE
PLOMBERIE;BOUCHON PPR 25 FEMELLE;1383;85;UNITE
PLOMBERIE;BOUCHON PPR 25 MALE;929;85;UNITE
PLOMBERIE;BOUCHON PPR 32 FEMELLE;9;100;UNITE
PLOMBERIE;BOUCHON PPR 32 MÂLE;228;100;UNITE
PLOMBERIE;BOUCHON PPR 40 FEMELLE;14;150;UNITE
PLOMBERIE;BOUCHON PRESSION 25;258;85;UNITE
PLOMBERIE;BOUCHON PRESSION 32;1;100;UNITE
PLOMBERIE;BOUCHON PVC  110;1;800;UNITE
PLOMBERIE;BOUCHON PVC 100;1800;700;UNITE
PLOMBERIE;BOUCHON PVC 125;1;900;UNITE
PLOMBERIE;BOUCHON PVC 200;162;4 500;UNITE
PLOMBERIE;BOUCHON PVC 40;409;300;UNITE
PLOMBERIE;BOUCHON PVC 50;61;400;UNITE
PLOMBERIE;BOUCHON PVC 75;1350;500;UNITE
PLOMBERIE;CHAPEAU CHINOIS 110 SC;5;1 500;UNITE
PLOMBERIE;CHAPEAU CHINOIS 63 KMEI;149;800;UNITE
PLOMBERIE;CHAPEAU CHINOIS 75 SC;690;900;UNITE
PLOMBERIE;CHATAF INOX;13;6 000;UNITE
PLOMBERIE;CHAUFFE EAU MAXI 30L;7;80 000;UNITE
PLOMBERIE;CHAUFFE-EAU MAXI 15L;3;65 000;UNITE
PLOMBERIE;"CLAPET À MEMBRANE 2""";13;11 500;UNITE
PLOMBERIE;CLAPET À MEMBRANE 3/4 (20/27);29;2 200;UNITE
PLOMBERIE;CLAPET À RESSORT FIRMER 3/4 EN FER;34;4 500;UNITE
PLOMBERIE;COLLE TANGIT MEDIUM;28;5 500;BOITE
PLOMBERIE;COLLE TANGIT ORIGINAL 1KILO;69;9 000;BOITE
PLOMBERIE;COLLE VINKOGITE PVC-U 1KG;10;4 800;BOITE
PLOMBERIE;COLLIER ATELAS 64010-16;30;4 000;UNITE
PLOMBERIE;COLLIER ATELAS 64010-25;59;5 500;UNITE
PLOMBERIE;COLLIER ATELAS 64010-32;46;6 000;UNITE
PLOMBERIE;COLLIER ATELAS 64010-40;7;6 500;UNITE
PLOMBERIE;COLLIER GOUTTIERE;2;350;UNITE
PLOMBERIE;COLLIER INOX 100;5;700;UNITE
PLOMBERIE;COLLIER INOX 125;3510;850;UNITE
PLOMBERIE;COLLIER INOX 32;1283;250;UNITE
PLOMBERIE;COLLIER INOX 63;5;350;UNITE
PLOMBERIE;COLLIER INOX 75;2595;500;UNITE
PLOMBERIE;COLLIER PPR 20;94;60;UNITE
PLOMBERIE;COLLIER PPR 25;1;75;UNITE
PLOMBERIE;COLLIER PPR 32;5;100;UNITE
PLOMBERIE;COLLIER PVC  100;10;250;UNITE
PLOMBERIE;COLLIER PVC 75;960;175;UNITE
PLOMBERIE;COLONNE DE DOUCHE MITIGEUR MAAT;5;60 000;UNITE
PLOMBERIE;COLONNE FIXE ALLURE;30;1 250;UNITE
PLOMBERIE;COLONNE FIXE EN FER;3930;1 000;UNITE
PLOMBERIE;COLONNE FIXE EN PLASTIC;2395;1 000;UNITE
PLOMBERIE;COMPTEUR GALVA 20/27;20;5 000;UNITE
PLOMBERIE;COMPTEUR GALVA 26/34;167;9 000;UNITE
PLOMBERIE;COMPTEUR GALVA GRK 20/27;50;6 500;UNITE
PLOMBERIE;COMPTEUR LAITON 20/27 GRK;354;6 500;UNITE
PLOMBERIE;COMPTEUR YONSSO 20/27;40;7 000;UNITE
PLOMBERIE;CONTROLEUR AUTOMATIQUE INTER DAB;121;14 000;UNITE
PLOMBERIE;COUDE LAITON 15/21 55GRM;25194;350;UNITE
PLOMBERIE;COUDE LAITON 20/27 72GRAM;1;550;UNITE
PLOMBERIE;COUDE LAITON 26/34;313;1 000;UNITE
PLOMBERIE;COUDE PE 25;150;500;UNITE
PLOMBERIE;COUDE PE 32;4;600;UNITE
PLOMBERIE;COUDE PPR 1/8 20;400;60;UNITE
PLOMBERIE;COUDE PPR 1/8 25;4;100;UNITE
PLOMBERIE;COUDE PPR 1/8 32;3;125;UNITE
PLOMBERIE;COUDE PPR 20;2;60;UNITE
PLOMBERIE;COUDE PPR 25;2428;85;UNITE
PLOMBERIE;COUDE PPR 32;26;125;UNITE
PLOMBERIE;COUDE PPR 40;4;350;UNITE
PLOMBERIE;COUDE PPR 50;172;500;UNITE
PLOMBERIE;COUDE PPR TARODÉ 20*1/2 FEMELLE;1820;350;UNITE
PLOMBERIE;COUDE PPR TARODÉ 20*1/2 MÂLE;1128;350;UNITE
PLOMBERIE;COUDE PPR TARODÉ 25*1/2 FEMELLE;961;450;UNITE
PLOMBERIE;COUDE PPR TARODÉ 25*3/4 MALE;105;600;UNITE
PLOMBERIE;COUDE PPR TARODÉ 25*3/4F FEMELLE;2;600;UNITE
PLOMBERIE;"COUDE PPR TARODÉ 32*1"" FMELLE";100;1 000;UNITE
PLOMBERIE;COUDE PPR TARODÉ 32*1/2 MÂLE;1;1 000;UNITE
PLOMBERIE;COUDE PPR TARODÉ 32*3/4 FEMELLE;75;700;UNITE
PLOMBERIE;COUDE PPR TARODÉ 32*3/4 MÂLE;32;700;UNITE
PLOMBERIE;COUDE PPR TRODÉ 25*1/2 MÂLE;2;450;UNITE
PLOMBERIE;COUDE PRESSION 110;34;5 000;UNITE
PLOMBERIE;COUDE PRESSION 20;3562;95;UNITE
PLOMBERIE;COUDE PRESSION 25;25;75;UNITE
PLOMBERIE;COUDE PRESSION 32;1;125;UNITE
PLOMBERIE;COUDE PRESSION 40;2;350;UNITE
PLOMBERIE;COUDE PRESSION 50;5;500;UNITE
PLOMBERIE;COUDE PRESSION 63;192;1 100;UNITE
PLOMBERIE;COUDE PRESSION 75;46;2 000;UNITE
PLOMBERIE;COUDE PRESSION 90;62;3 000;UNITE
PLOMBERIE;COUDE PVC 1/4 32;3465;150;UNITE
PLOMBERIE;COUDE PVC 1/4 40;10365;250;UNITE
PLOMBERIE;COUDE PVC 1/4 50;1;350;UNITE
PLOMBERIE;COUDE PVC 1/8  50 ;2;300;UNITE
PLOMBERIE;COUDE PVC 1/8  63;592;500;UNITE
PLOMBERIE;COUDE PVC 1/8 110;65;1 000;UNITE
PLOMBERIE;COUDE PVC 1/8 125;71;1 500;UNITE
PLOMBERIE;COUDE PVC 1/8 32;134;100;UNITE
PLOMBERIE;DOS-DANE PPR 20;157;250;UNITE
PLOMBERIE;DOS-DANE PPR 25;1;350;UNITE
PLOMBERIE;DOS-DANE PPR 32;16;650;UNITE
PLOMBERIE;ECARTEMENT 15/20;81;1 000;UNITE
PLOMBERIE;ECROU 20/15 GRAND ;2;350;UNITE
PLOMBERIE;ECROU 20/15 MOYEN;2941;325;UNITE
PLOMBERIE;ECROU COMPTEUR 15/21;225;1 200;UNITE
PLOMBERIE;ECROU COMPTEUR 20/27;31;1 400;UNITE
PLOMBERIE;ECROU COMPTEUR 26/34;219;4 200;UNITE
PLOMBERIE;ECROU LAITON 15/15;24322;215;UNITE
PLOMBERIE;ECROU LAITON 15/15 A BAGUE;17239;350;UNITE
PLOMBERIE;ECROU LAITON 15/15 KMEI;1611;250;UNITE
PLOMBERIE;ECROU LAITON 26/20;1929;600;UNITE
PLOMBERIE;ECROU LAITON REDUIT 12/12;4724;200;UNITE
PLOMBERIE;ECROU LAITON REDUIT 15/12;6107;225;UNITE
PLOMBERIE;ECROU MIX 12/17;5;200;UNITE
PLOMBERIE;ECROU MIX 15/21;55;225;UNITE
PLOMBERIE;ECROU RALLONGE LAITON 1/2*30M;3;800;UNITE
PLOMBERIE;EMBOUT À CHAUD;1206;100;UNITE
PLOMBERIE;EMBOUT PPR TARODÉ 20*1/2 FEMELLE;1184;350;UNITE
PLOMBERIE;EMBOUT PPR TARODÉ 20*1/2 MALE;1059;350;UNITE
PLOMBERIE;EMBOUT PPR TARODÉ 25*1/2 FEMELLE;1339;450;UNITE
PLOMBERIE;EMBOUT PPR TARODÉ 25*1/2 MALE;6613;450;UNITE
PLOMBERIE;EMBOUT PPR TARODÉ 25*3/4 FEMELLE;10;550;UNITE
PLOMBERIE;EMBOUT PPR TARODÉ 25*3/4 MÂLE;3544;550;UNITE
PLOMBERIE;"EMBOUT PPR TARODÉ 32*1"" FEMELLE";258;900;UNITE
PLOMBERIE;"EMBOUT PPR TARODÉ 32*1"" MÂLE";155;900;UNITE
PLOMBERIE;EMBOUT PPR TARODÉ 32*1/2 FEMELLE;189;800;UNITE
PLOMBERIE;EMBOUT PPR TARODÉ 32*1/2 MÂLE;96;800;UNITE
PLOMBERIE;EMBOUT PPR TARODÉ 32*3/4 FEMELLE;172;700;UNITE
PLOMBERIE;"EMBOUT PPR TARODÉ 40*1"" FEMELLE";1;2 000;UNITE
PLOMBERIE;"EMBOUT PPR TARODÉ 40*1"" MÂLE";1;2 000;UNITE
PLOMBERIE;EMBOUT PRESSION  40;1;350;UNITE
PLOMBERIE;EMBOUT PRESSION 20;1;60;UNITE
PLOMBERIE;EMBOUT PRESSION 25;4;100;UNITE
PLOMBERIE;EMBOUT PRESSION 32;50;1 250;UNITE
PLOMBERIE;EMBOUT PRESSION 50;17;500;UNITE
PLOMBERIE;EMBOUT PRESSION 63;353;1 100;UNITE
PLOMBERIE;EVIER 1BAC;196;5 500;UNITE
PLOMBERIE;EVIER 2BAC;5;11 500;UNITE
PLOMBERIE;FILTRE À EAU 32;10;5 500;UNITE
PLOMBERIE;FLEXIBLE INOX LAVABO EN FER;2033;700;UNITE
PLOMBERIE;FLEXIBLE INOX LAVABO EN PVC;62;700;UNITE
PLOMBERIE;FLEXIBLE INOX WC EN FER;1793;700;UNITE
PLOMBERIE;FLEXIBLE  WC EN PVC;369;700;UNITE
PLOMBERIE;FLEXIBLE LAVABO FIRMER;688;750;UNITE
PLOMBERIE;FLEXIBLE MITIGEUR EN FER ALEXMIX;1;1 000;UNITE
PLOMBERIE;FLEXIBLE WC FIRMER;472;750;UNITE
PLOMBERIE;FLOTTEUR ELECTRIQUE;1;2 800;UNITE
PLOMBERIE;FLOTTEUR THANK CHROMÉ;27;5 000;UNITE
PLOMBERIE;FLOTTEUR WC MPMP 63813;1;700;UNITE
PLOMBERIE;FOND GOUTTIERE ;198;350;UNITE
PLOMBERIE;FOND NAISSANCE;1695;350;UNITE
PLOMBERIE;GEBADJOINT;126;3 500;UNITE
PLOMBERIE;GOURGEON LAVABO GRAND;531;400;UNITE
PLOMBERIE;GOURGEON LAVABO MOYEN;4;400;UNITE
PLOMBERIE;JOINT 12-17;170;600;SACHET
PLOMBERIE;JOINT 15/21;377;600;SACHET
PLOMBERIE;JOINT 20/27;254;600;SACHET
PLOMBERIE;JONCTION GOTTIERE;713;350;UNITE
PLOMBERIE;LAVABO LIMA LUXE;259;35 000;UNITE
PLOMBERIE;LAVABO SUSPENDU BESILE CARRE I-2638;7;115 000;UNITE
PLOMBERIE;LAVABO SUSPENDU BESILE ROND I-2628;3;110 000;UNITE
PLOMBERIE;LAVABO SUSPENDU BESILE NOIR I-2742;3;120 000;UNITE
PLOMBERIE;LAVE MAIN PARMA;213;7 000;UNITE
PLOMBERIE;MACHINE PPR 25;18;25 000;UNITE
PLOMBERIE;MAMELON LAITON 15/21;19257;215;UNITE
PLOMBERIE;MAMELON LAITON 26/34;902;800;UNITE
PLOMBERIE;MAMELON LATON 20/27;1389;650;UNITE
PLOMBERIE;MAMELON RÉDUIT 62902-1/2*3/4L;3530;200;UNITE
PLOMBERIE;MANCHON À CHAUD;102;300;UNITE
PLOMBERIE;MANCHON LAITON 15/21;4388;300;UNITE
PLOMBERIE;MANCHON LAITON 20/27;1;600;UNITE
PLOMBERIE;MANCHON LAITON 26/34;94;800;UNITE
PLOMBERIE;MANCHON PE 32;206;700;UNITE
PLOMBERIE;MANCHON PE 40;1;2 000;UNITE
PLOMBERIE;MANCHON PE 50;1;2 800;UNITE
PLOMBERIE;MANCHON PPR 20;29;60;UNITE
PLOMBERIE;MANCHON PPR 25;3;70;UNITE
PLOMBERIE;MANCHON PPR 32;9;125;UNITE
PLOMBERIE;MANCHON PPR 40;2;350;UNITE
PLOMBERIE;MANCHON PPR 50;12;500;UNITE
PLOMBERIE;MANCHON PRESSION 20;2616;60;UNITE
PLOMBERIE;MANCHON PRESSION 25;503;100;UNITE
PLOMBERIE;MANCHON PRESSION 32;13;110;UNITE
PLOMBERIE;MANCHON PRESSION 50;159;500;UNITE
PLOMBERIE;MÉCANISME À TIRETTE MPMP WK13151;10;1 600;UNITE
PLOMBERIE;MECANISME GOLF À DOUBLE POUSSOIRE;9;4 500;UNITE
PLOMBERIE;MÉCANISME GOLF À POUSSOI;518;3 200;UNITE
PLOMBERIE;MECANISME PARMA;930;2 500;UNITE
PLOMBERIE;MECANISME WC COMBINE J2-YFS;15;10 000;UNITE
PLOMBERIE;MIROIRE WT-2;122;2 500;UNITE
PLOMBERIE;MITIGEUR DOUCHE FIRMER SP22040001;18;20 000;UNITE
PLOMBERIE;NAISSANCE;667;1 650;UNITE
PLOMBERIE;PATE À GLACE;1350;650;UNITE
PLOMBERIE;PATIN 15/21;66;3 000;SACHET
PLOMBERIE;PATIN 20/27;58;4 000;SACHET
PLOMBERIE;POMPE EMERGE INTER DAB 0.75;1;65 000;UNITE
PLOMBERIE;PORT PAPIER KMEI;143;1 100;UNITE
PLOMBERIE;PORT PAPIER SC;550;1 100;UNITE
PLOMBERIE;PORT SAVON LY7704 KMEI;598;1 100;UNITE
PLOMBERIE;PORT SAVON SC GEDEYA;5;500;UNITE
PLOMBERIE;PORT SERVIETTE EN FER;1;2 500;UNITE
PLOMBERIE;PORT SERVIETTE LY7701 KMEI;13;2 500;UNITE
PLOMBERIE;PORT SERVIETTE PLASTIQUE GDY60701;216;1 300;UNITE
PLOMBERIE;POUPEE FILASS 2;111;1 600;ROULEAU
PLOMBERIE;PUISSAGE KMEI LY303 1/2;120;1 850;UNITE
PLOMBERIE;QUEUE DE CAP;60;500;UNITE
PLOMBERIE;RACCORD ANNULE;332;500;UNITE
PLOMBERIE;RACCORD UNION PPR 20;417;400;UNITE
PLOMBERIE;RACCORD UNION PPR 25;15;500;UNITE
PLOMBERIE;RACCORD UNION PPR 32;1;600;UNITE
PLOMBERIE;RACCORD UNION PPR 40;215;800;UNITE
PLOMBERIE;RACCORD UNION PRESSION 20;1;350;UNITE
PLOMBERIE;RACCORD UNION PRESSION 25;17;400;UNITE
PLOMBERIE;RÉDUCTEUR PPR 25*20;5;100;UNITE
PLOMBERIE;RÉDUCTEUR PPR 32*20;425;125;UNITE
PLOMBERIE;RÉDUCTEUR PPR 32*25;1218;150;UNITE
PLOMBERIE;RÉDUCTEUR PPR 40*32;165;350;UNITE
PLOMBERIE;RÉDUCTEUR PPR 50*32;78;500;UNITE
PLOMBERIE;REDUCTEUR PRESSION  63/50;150;400;UNITE
PLOMBERIE;RÉDUCTEUR PRESSION 25*20;1111;100;UNITE
PLOMBERIE;RÉDUCTEUR PRESSION 32/25;471;125;UNITE
PLOMBERIE;RÉDUCTEUR PRESSION 40*32;32;350;UNITE
PLOMBERIE;REDUCTEUR PRESSION 50/32;400;350;UNITE
PLOMBERIE;RÉDUCTEUR PVC 40/32;398;350;UNITE
PLOMBERIE;RÉDUCTEUR PVC PLAT 100/32;4260;600;UNITE
PLOMBERIE;RÉDUCTEUR PVC PLAT 100/40;2200;600;UNITE
PLOMBERIE;RÉDUCTEUR PVC PLAT 100/63;114;500;UNITE
PLOMBERIE;RÉDUCTEUR PVC PLAT 100/75;4032;500;UNITE
PLOMBERIE;RÉDUCTEUR PVC PLAT 110/100;505;850;UNITE
PLOMBERIE;RÉDUCTEUR PVC PLAT 110/32;291;650;UNITE
PLOMBERIE;RÉDUCTEUR PVC PLAT 110/75;45;650;UNITE
PLOMBERIE;RÉDUCTEUR PVC PLAT 125/100;128;900;UNITE
PLOMBERIE;RÉDUCTEUR PVC PLAT 125/110;2;1 000;UNITE
PLOMBERIE;RÉDUCTEUR PVC PLAT 160*110 KMEI;99;1 800;UNITE
PLOMBERIE;RÉDUCTEUR PVC PLAT 75/32;230;250;UNITE
PLOMBERIE;RÉDUCTEUR PVC PLAT 75/40;499;250;UNITE
PLOMBERIE;RÉDUCTEUR PVC PLAT 75/50;32;250;UNITE
PLOMBERIE;ROBINET D'ARRET 15/21 GRK;8071;1 500;UNITE
PLOMBERIE;ROBINET D'ARRET GRK 26/34;3070;3 500;UNITE
PLOMBERIE;ROBINET D'ARRETE 20/27 GRK;10;2 000;UNITE
PLOMBERIE;ROBINET DE DOUCHE 8901;469;1 500;UNITE
PLOMBERIE;ROBINET DE DOUCHE KMEI;3;2 000;UNITE
PLOMBERIE;ROBINET DE DOUCHE MITIGEUR MAAT;4;35 000;UNITE
PLOMBERIE;ROBINET EQUERRE GRK;12301;750;UNITE
PLOMBERIE;ROBINET EVIER MITIGEUR MURALE SC;4;9 000;UNITE
PLOMBERIE;ROBINET EVIER MURAL;215;2 500;UNITE
PLOMBERIE;ROBINET EVIER ORIGINAL MAK;3;10 000;UNITE
PLOMBERIE;ROBINET EVIER PLASTIC SUR TABLE;187;1 500;UNITE
PLOMBERIE;ROBINET EVIER PLASTIQUE MURAL;57;1 500;UNITE
PLOMBERIE;ROBINET LAVABO BLEU MITIGEUR PETIT CORPS;9;15 000;UNITE
PLOMBERIE;ROBINET LAVABO INGLAND;40;4 500;UNITE
PLOMBERIE;ROBINET LAVABO KMEI LY 600-861K;3;2 500;UNITE
PLOMBERIE;ROBINET LAVABO MITIGEUR BLEU GROS CORPS;4;20 000;UNITE
PLOMBERIE;ROBINET LAVABO MITIGEUR Ingland;6;20 000;UNITE
PLOMBERIE;ROBINET LAVABO MITIGEUR MAAT;5;35 000;UNITE
PLOMBERIE;ROBINET PUISSAGE 15/21 GRK;7577;1 650;UNITE
PLOMBERIE;ROBINET PUISSAGE À BOISSEAU 15/21 GRK;76;1 600;UNITE
PLOMBERIE;ROBINET PUISSAGE À BOISSEAU FIRMER YLN6316-1/2;7;2 000;UNITE
PLOMBERIE;ROBINET PUISSAGE À CLÉ 15/21;31;2 000;UNITE
PLOMBERIE;ROBINET PUISSAGE CHROMÉ A CLE;37;2 500;UNITE
PLOMBERIE;ROBINET PUISSAGE GRK 20/27;5;2 000;UNITE
PLOMBERIE;ROBINET PUISSAGE KMEI 20/27;337;2 200;UNITE
PLOMBERIE;ROBINET PUISSAGE KMEI LY1300 1/2;567;1 850;UNITE
PLOMBERIE;ROBINET PUISSAGE PLASTIQUE;84;450;UNITE
PLOMBERIE;ROBINET URINOIRE;6;4 000;UNITE
PLOMBERIE;SIPHON DE SOL 10G;1000;350;UNITE
PLOMBERIE;SIPHON DE SOL DE LUXE;56;12 000;UNITE
PLOMBERIE;SIPHON EVIER GROS TROU 1BAC;8;2 500;UNITE
PLOMBERIE;SIPHON EVIER SC 60804-40C;7;850;UNITE
PLOMBERIE;SIPHON LAVABO À TIGE KMEI LY761-32P;10;1 000;UNITE
PLOMBERIE;SIPHON LAVABO ACCORDÉON SC;1312;1 700;UNITE
PLOMBERIE;SIPHON LAVABO SANS TIGE KMIE LY761-32;2;1 100;UNITE
PLOMBERIE;TABLETTE LY7702 KMEI;2;3 500;UNITE
PLOMBERIE;TABLETTE PLASTIQUE GDY60702;75;1 300;UNITE
PLOMBERIE;TÉ À CHAUD;1;200;UNITE
PLOMBERIE;TÉ LAITON 15/21;1033;400;UNITE
PLOMBERIE;TÉ LAITON 20/27;534;600;UNITE
PLOMBERIE;TÉ LAITON 26/34;1;1 200;UNITE
PLOMBERIE;TÉ PPR 20;803;60;UNITE
PLOMBERIE;TÉ PPR 25;1830;80;UNITE
PLOMBERIE;TÉ PPR 32;1710;120;UNITE
PLOMBERIE;TÉ PPR 40;245;350;UNITE
PLOMBERIE;TÉ PPR 50;7;550;UNITE
PLOMBERIE;TÉ PPR TARODÉ 20*1/2 FEMELLE;65;350;UNITE
PLOMBERIE;TÉ PPR TARODÉ 20*1/2 MÂLE;80;350;UNITE
PLOMBERIE;TÉ PPR TARODE 25*1/2 MÂLE;1622;400;UNITE
PLOMBERIE;TÉ PPR TARODÉ 25*1/2FEMELLE;423;500;UNITE
PLOMBERIE;TÉ PPR TARODÉ 25*3/4 FEMELLE;447;600;UNITE
PLOMBERIE;TÉ PPR TARODE 25*3/4 MÂLE;196;600;UNITE
PLOMBERIE;"TÉ PPR TARODÉ 32*1"" FEMELLE";158;750;UNITE
PLOMBERIE;TÉ PPR TARODÉ 32*1/2 MÂLE;43;600;UNITE
PLOMBERIE;TÉ PPR TARODE 32*3/4 FEMELLE;168;650;UNITE
PLOMBERIE;TÉ PPR TARODÉ 32*3/4 MÂLE;99;650;UNITE
PLOMBERIE;TÉ PRESSION 110;24;5 000;UNITE
PLOMBERIE;TÉ PRESSION 20;6;60;UNITE
PLOMBERIE;TÉ PRESSION 25;2243;75;UNITE
PLOMBERIE;TÉ PRESSION 32;1500;125;UNITE
PLOMBERIE;TÉ PRESSION 40;260;350;UNITE
PLOMBERIE;TÉ PRESSION 63;1;1 100;UNITE
PLOMBERIE;TÉ PRESSION 90;34;3 000;UNITE
PLOMBERIE;TEFLON PETIT;2;100;UNITE
PLOMBERIE;TETE ROBINET 15/21 GRK;16054;700;UNITE
PLOMBERIE;TETE ROBINET 20/27 GRK;1660;900;UNITE
PLOMBERIE;TUYAUX À CHAUD;1;2 300;UNITE
PLOMBERIE;TUYAUX GOUTTIERE ;95;6 500;UNITE
PLOMBERIE;TUYAUX PPR 25*4.4;5;2 300;UNITE
PLOMBERIE;TUYAUX PPR 32*5.4;25;3 300;UNITE
PLOMBERIE;TUYAUX PPR 40*6.7;442;5 500;UNITE
PLOMBERIE;TUYAUX PPR 50*8.4;366;10 000;UNITE
PLOMBERIE;TUYAUX PPR 63*10.5;204;17 000;UNITE
PLOMBERIE;"VANNE À BOISSEAU 61511-1""/1/4 GRK";41;6 000;UNITE
PLOMBERIE;VANNE À BOISSEAU 61511-15/21 GRK;46;1 500;UNITE
PLOMBERIE;"VANNE À BOISSEAU FIRMER CHROME 1""/1/4";44;6 000;UNITE
PLOMBERIE;VANNE A BOISSEAU FIRMER CHROME 1./1/2 FF;61;6 500;UNITE
PLOMBERIE;"VANNE À BOISSEAU FIRMER YLN 6233-2""";4;13 000;UNITE
PLOMBERIE;VANNE A BOISSEAU FIRMER YLN 6233-3/4;2;2 000;UNITE
PLOMBERIE;"VANNE À BOISSEAU MAYER 1""";16;3 200;UNITE
PLOMBERIE;VANNE À BOISSEAU PPR 25;197;2 500;UNITE
PLOMBERIE;VANNE À BOISSEAU PPR 32;43;3 000;UNITE
PLOMBERIE;VANNE À RACCORD  UNION PPR 25;1;2 000;UNITE
PLOMBERIE;VANNE À RACCORD UNION PRESSION 110;8;29 000;UNITE
PLOMBERIE;VANNE À RACCORD UNION PRESSION 25;90;1 300;UNITE
PLOMBERIE;VANNE À RACCORD UNION PRESSION 63;48;6 500;UNITE
PLOMBERIE;VANNE À RACCORD UNION PRESSION 75;19;11 500;UNITE
PLOMBERIE;VANNE À VOLANT PPR 20;172;1 400;UNITE
PLOMBERIE;VANNE À VOLANT PPR 25;269;2 200;UNITE
PLOMBERIE;VANNE À VOLANT PPR 32;1969;2 500;UNITE
PLOMBERIE;VANNE PPR DE LUXE 25;684;3 500;UNITE
PLOMBERIE;VANNE PRESSION DE 20;272;500;UNITE
PLOMBERIE;VANNE PRESSION DE 25;258;600;UNITE
PLOMBERIE;VANNE PRESSION DE 50;39;1 500;UNITE
PLOMBERIE;VANNE PRESSION DE 40;51;1 700;UNITE
PLOMBERIE;VICE CACHE TETE LY562WC;2;175;UNITE
PLOMBERIE;VIDANGE BAIGNOIRE PROFESSIONNEL;103;2 500;UNITE
PLOMBERIE;VIDANGE EVIER 2BAC GROS TROU;160;4 000;UNITE
PLOMBERIE;WC PARMA BLANC;5;32 000;UNITE
PLOMBERIE;WC LIMA GRAND;142;50 000;UNITE
PLOMBERIE;WC COMBINE RONA A-P 1769;5;150 000;UNITE
PLOMBERIE;WC COMBINE CARRE A-P1770;10;150 000;UNITE
PLOMBERIE;WC COMBINE CARRE A-P1767;10;150 000;UNITE
PLOMBERIE;WC SUSPENDU BESILE D-P3651;4;280 000;UNITE
PLOMBERIE;WC SUSPENDU BESILE NOIR D-P3651B;3;300 000;UNITE
SERRURE;AGA 270;11;70 000;CARTON
SERRURE; ROBIWANG 124;168;57 600;UNITE
SERRURE;CADENAS VACHETTE  SEMI 75MM;263;4 000;UNITE
SERRURE;CADENAS VACHETTE SEMI  80MM;258;5 500;UNITE
SERRURE;CADENAS VACHETTE ORIGINAL  80MM;62;6 000;UNITE
SERRURE;CLÉ DOR 88 3CLÉS;40;40 000;CARTON
SERRURE;CYLINDRE ARM LOCK A70;238;2 400;UNITE
SERRURE;CYLINDRE BUTUC UNIC U70A;584;2 400;UNITE
SERRURE;CYLINDRE CLE DOOR;861;11 500;DOUZAINE
SERRURE;CYLINDRE LA PERCHE 60M LAP SACHET;29;17 000;DOUZAINE
SERRURE;CYLINDRE LA PERCHE BLEU 60M ;353;13 000;DOUZAINE
SERRURE;CYLINDRE PARFAIT BLEU P70A;684;2 600;DOUZAINE
SERRURE;CYLINDRE VACHETTE 60MM 3K;40;6 500;DOUZAINE
SERRURE;EVERLEO;49;23 000;BOITE
SERRURE;FAEA 139-32;141;7 000;DOUZAINE
SERRURE;SERRURE G.J.S;1206;4 300;UNITE
SERRURE;LA CLÉ 124;1;4 800;UNITE
SERRURE;LA PERCHE 3253 CR;57;6 500;UNITE
SERRURE;LA PERCHE 3253 SCR;48;6 500;UNITE
SERRURE;LA PERCHE 9019-F1 SILVER GP;149;4 500;UNITE
SERRURE;LA PERCHE 9019-WC SILVER ;43;4 300;UNITE
SERRURE;LA PERCHE 911B6458 AB NORMALE;220;6 500;UNITE
SERRURE;LA PERCHE 911B6458 AB WC;86;6 500;UNITE
SERRURE;LA PERCHE 911B6458 SCR NORMALE;419;6 500;UNITE
SERRURE;LA PERCHE 911B6458 SCR WC;90;6 500;UNITE
SERRURE;LA PERCHE CAISSE 6458;3845;4 250;UNITE
SERRURE;LA PERCHE DE LUXE 0850;1;9 000;UNITE
SERRURE;LA PERCHE GARANTIE 10 ANS 9058;1;5 500;UNITE
SERRURE;LA PERCHE ORIGINAL;62;10 000;UNITE
SERRURE;MICC 202;88;26 500;CARTON
SERRURE;MICC 404;99;31 000;CARTON
SERRURE;PACO 210PA;15;47 000;CARTON
SERRURE;PACO PARFAIT G112-AB;213;9 000;UNITE
SERRURE;SERRURE PARFAIT à GAGE A007;143;10 500;UNITE
SERRURE;SERRURE PARFAIT A GAGE A007-2 CHAMPAGNE;91;10 500;UNITE
SERRURE;SERRURE PARFAIT A GAGE BLACK A007-4;6;10 500;UNITE
SERRURE;SERRURE PARFAIT A007BL-020BL-022;129;11 500;UNITE
SERRURE;SERRURE PARFAIT A022;22;11 500;UNITE
SERRURE;SERRURE PARFAIT A020BL-A020AB;163;11 500;UNITE
SERRURE;SERRURE PARFAIT PORTE VITRIER P100 B8 W2;172;9 000;UNITE
SERRURE;SERRURE PARFAIT X-A003;3;4 200;UNITE
SERRURE;PAUMELLE AGA 140 ;48;22 000;UNITE
SERRURE;PAUMELLE AGA 160 ;35;34 000;CARTON
SERRURE;PAUMELLE AGA 80;5;38 000;CARTON
SERRURE;PAUMELLE AMI 110;5;32 000;CARTON
SERRURE;PAUMELLE AMI 95;6;33 000;CARTON
SERRURE;SERRURE EVERLEO 905AB/7050H;5;6 500;UNITE
SERRURE;SERRURE PARFAIT DOUCHE;169;9 000;UNITE
SERRURE;SERRURE PH01;7;12 000;UNITE
SERRURE;VACHETTE 9045;1;6 500;UNITE
SERRURE;VACHETTE ARMOIRE 1TOUR 4464-22;11;5 500;UNITE
SERRURE;VERROU à CADENAS 10 SEMI;2;46 000;CARTON
SERRURE;VERROU à CADENAS 12 SEMI;3;35 000;CARTON
SERRURE;VERROU À CADENAS 14;1;45 000;CARTON
SERRURE;VERROU à CADENAS 14 SEMI;1;45 000;CARTON
SERRURE;VERROU à CADENAS 8 SEMI;1;40 000;CARTON
SERRURE;VERROU À PISTOLER 12;1;38 000;CARTON
SERRURE;VERROU À PISTOLER 16;2;54 000;CARTON
SERRURE;VERROU À PISTOLER 8;2;45 000;CARTON
SERRURE; WISTA;29;7 000;UNITE
