CHME;;TOLE BAC ALU 0.17 ABS 2MX90CM VERTE LISSE;1;0;ALVI0001
ALVI;;CHASSIE SILVER 8LAMES;0;0;ALVI0002
ALVI;;CHASSIE SILVER 6LAMES;0;0;ALVI0003
ALVI;;CHASSIE SILVER 4LAMES;0;0;ALVI0004
ALVI;;LAMES 00244 DE VERRES 0.60 IMPRIMER M/S;0;0;ALVI0005
ALVI;;CHASSIE BRONZ 7LAMES;0;0;ALVI0006
ALVI;7432/B22;PATERE MIXTE B22 INGELEC;0;0;ALVI0007
ALVI;7433/E27;PATERE MIXTE E27 INGELEC;0;0;ALVI0008
ALVI;;CHASSIE BRONZ 8LAMES;0;0;ALVI0009
ALVI;;POIGNE VITRIER PETIT;0;0;ALVI0010
ALVI;;ALLUCOBOND ;0;0;ALVI0011
ALVI;;JOINT 01 MOYEN;1;0;ALVI0012
ALVI;;MECHE N°3.5 DE 70MM;0;0;ALVI0013
ALVI;;MECHE N°3 DE 61MM;0;0;ALVI0014
ALVI;;MECHE N°4 DE 75MM;0;0;ALVI0015
ALVI;;VIS DE 3.5 LONG 8*5/8;1;0;ALVI0016
ALVI;;VIS DE 04 GALV PHILIP ET SLOTTED CHEESE 10*1/2 COURT;1;0;ALVI0017
ALVI;;VIS DE 3.5 COURT SELF TAPPING SCREW 8*3/8;1;0;ALVI0018
ALVI;;VIS JIL DE PAUSE COURT ;1;0;ALVI0019
ALVI;;LAMES 00050 DE VERRES 0.80 IMPRIMER M/S;0;0;ALVI0020
ALVI;;PINCE DE TOUR DIMENSION N:9/225MM REF:HT-3165;0;0;ALVI0021
ALVI;;PAUSE ROULANT LONG EN ALUR POUR LES VITRIERS;0;0;ALVI0022
ALVI;;PORTEUR TETE DIAMANT POUR LES VITRIERS(DENTAIRE;0;0;ALVI0023
ALVI;;CAOCHOU A GASE DES VITRIERS;0;0;ALVI0024
ALVI;;TETE DIAMANT(DENT A COUPER VITRE;0;0;ALVI0025
ALVI;;BATON GRADUE EN ALUR 1.26M(POUR COUVRE VITRE;0;0;ALVI0026
ALVI;;BATON GRADUE EN ALUR 0.95M(POUR COUVRE VITRE;1;0;ALVI0027
AUT;;PORTABLE SAMSUNG S9;0;0;AUT00001
AUT;;CLIMATISEUR AVEC MOTEUR REF NSCA 18000;1;0;AUT00002
AUT;;CLIMATISEUR AVEC MOTEUR REF NSCA 12000;1;0;AUT00003
CARO;;FAIENCE 20X30 REF 2308C;1;0;AUT00004
CARO;;FAIENCE 20*30 REF:463-HL;0;0;CAFA0001
CARO;;FAIENCE 20*30 REF:45-HL;0;0;CAFA0002
CARO;;CARREAUX CAP 30*30 REF9813;0;0;CAFA0003
CARO;;CARREAUX CAP 30*30 REF:9808;0;0;CAFA0004
CARO;;FAIENCE 20*30 REF:448-HL;0;0;CAFA0005
CARO;;FAIENCE 20*30 REF:29-HL;0;0;CAFA0006
CARO;;FAIENCE 20*30 REF:01-HL;0;0;CAFA0007
CARO;;FAIENCE 20X30 REF 2003-HL;1;0;CAFA0008
CARO;;FAIENCE 20X30 REF 2002-HL-1;1;0;CAFA0009
CARO;;FAIENCE 20X30 REF 43-HL;1;0;CAFA0010
CARO;;FAIENCE 20X30 REF WHITE;1;0;CAFA0011
CARO;;CARREAUX FAIENCE 20*30 REF 1048;1;0;CAFA0012
CARO;;CARREAUX FAIENCE 20*30 REF 3031;1;0;CAFA0013
CARO;5200B;CARREAUX POLY 50*50 REF 5200B;1;0;CAFA0014
CARO;;CARREAUX FAIENCE 20X30 REF: 3045;1;0;CAFA0015
CARO;;CARREAUX FAIENCE 20X30 REF:105;1;0;CAFA0016
CARO;;CARREAUX FAIENCE 20X30 REF:682-HL-2;1;0;CAFA0017
CARO;;CARREAUX FAIENCE 20X30 REF: 605-D;1;0;CAFA0018
CARO;;CARREAUX FAIENCE 20X30 REF:637-D;1;0;CAFA0019
CARO;;CARREAUX FAIENCE 20X30 REF YWL233;1;0;CAFA0020
CARO;;CARREAUX FAIENCE 20X30 REF 239;1;0;CAFA0021
CARO;;CARREAUX FAIENCE 25X40 REF 25401A;1;0;CAFA0022
CARO;;CARREAUX POLY 60X60 REF QP61009;1;0;CAFA0023
CARO;;CARREAUX FAIENCE 20X30 REF YWL277;1;0;CAFA0024
CARO;;CARREAUX FAIENCE 20X30 REF YWL268;1;0;CAFA0025
CARO;;CARREAUX FAIENCE 20X30 REF YWL257;1;0;CAFA0026
CARO;;CARREAUX FAIENCE 20X30 REF 201;1;0;CAFA0027
CARO;;CARREAUX FAIENCE 20X30 REF 209;1;0;CAFA0028
CARO;;CARREAUX FAIENCE 20X30 REF 9169;1;0;CAFA0029
CARO;;CARREAUX FAIENCE 20X30 REF B-7003;1;0;CAFA0030
CARO;;CARREAUX FAIENCE 20X30 REF 6138-HL-1;1;0;CAFA0031
CARO;;CARREAUX FAIENCE 20X30 REF 6139-HL-1;1;0;CAFA0032
CARO;;CARREAUX 30X30 VERT VERNISE REF 314V;1;0;CAFA0033
CARO;;CARREAUX 30X30 BERGE VERNISE REF 809V;1;0;CAFA0034
CARO;;CARREAUX 30X30 BLANC MATE REF HA304E;1;0;CAFA0035
CARO;;CARREAUX 30X30 GRIS VERNISE REF HA301-E1;1;0;CAFA0036
CARO;;CARREAUX FAIENCE 20X30 REF 2013D;1;0;CAFA0037
CARO;;CARREAUX FAIENCE 20X30 REF YWL253;1;0;CAFA0038
CARO;;CARREAUX FAIENCE 20X30 REF YWL315;1;0;CAFA0039
CARO;;CARREAUX FAIENCE 20X30 REF YWL254;1;0;CAFA0041
CARO;;CARREAUX FAIENCE 20X30 REF 516;1;0;CAFA0042
CARO;;CARREAUX FAIENCE 20X30 REF 4032;1;0;CAFA0043
CARO;;FAIENCE 25X40 REF 2510;1;0;CAFA0044
CARO;;FAIENCE 25X40 REF 2501;1;0;CAFA0045
CARO;;FAIENCE 25X40 REF 2586;1;0;CAFA0046
CARO;;FAIENCE 25X40 REF 2025;1;0;CAFA0047
CARO;;FAIENCE 25X40 REF 2576;1;0;CAFA0048
CARO;;FAIENCE 25X40 REF 2578;1;0;CAFA0049
CARO;;FAIENCE 25X50 REF 5037;1;0;CAFA0050
CARO;;FAIENCE 25X40 REF 25350;1;0;CAFA0051
CARO;;FAIENCE 25X40 REF 2308;1;0;CAFA0052
CARO;;FAIENCE 25X40 REF 25331D;1;0;CAFA0053
CARO;;FAIENCE 25X40 REF 2509;1;0;CAFA0054
CARO;;FAIENCE 25X40 REF 2606A;1;0;CAFA0055
CARO;;FAIENCE 20X30 REF 2315;1;0;CAFA0056
CARO;;FAIENCE 20X30 REF 2301;1;0;CAFA0057
CARO;;FAIENCE 20X30 REF 2313;1;0;CAFA0058
CARO;;FAIENCE 20X30 REF C40B;1;0;CAFA0059
CARO;;FAIENCE 20X30 REF K23767A;1;0;CAFA0060
CARO;;FAIENCE 20X30 REF DZ5201;1;0;CAFA0061
CARO;;FAIENCE 20X30 REF 2318;1;0;CAFA0062
CARO;;FAIENCE 20X30 REF 2320;1;0;CAFA0063
CARO;;FAIENCE 20X30 REF 2321;1;0;CAFA0064
CARO;;FAIENCE 20X30 REF 20326;1;0;CAFA0065
CARO;;FAIENCE 20X30 REF IM2D;1;0;CAFA0066
CARO;;FAIENCE 20X30 REF IM2A;1;0;CAFA0067
CARO;;FAIENCE 20X30 REF IM2B;1;0;CAFA0068
CARO;;FAIENCE 20X30 REF 2314;1;0;CAFA0069
CARO;;FAIENCE 25X40 REF 25118;1;0;CAFA0070
CARO;;FAIENCE 25X40 REF 25328;1;0;CAFA0071
CARO;;FAIENCE 20X30 REF 2302;1;0;CAFA0072
CARO;;FAIENCE 20X30 REF 2322;1;0;CAFA0073
CARO;;FAIENCE 20X30 REF 2323;1;0;CAFA0074
CARO;;FAIENCE 20X30 REF 2325;1;0;CAFA0075
CARO;;FAIENCE 20X30 REF 2324;1;0;CAFA0076
CARO;;FAIENCE 20X30 REF 2307C;1;0;CAFA0077
CARO;;FAIENCE 20X30 REF 2310C;1;0;CAFA0079
CARO;;FAIENCE 20X30 REF 2317;1;0;CAFA0080
CARO;;CARREAUX FAIENCE 20*30 REF 2309C ;1;0;CAFA0081
CARO;;CARREAUX FAIENCE 20*30 REF 2316;1;0;CAFA0082
CARO;;CARREAUX FAIENCE 20*30 REF 2312;1;0;CAFA0084
CARO;;CARREAUX FAIENCE 20*30 REF 2305;1;0;CAFA0085
CARO;;CARREAUX 40*40 REF V4118;1;0;CAFA0086
CARO;;FAIENCE 20X30 REF2319;1;0;CAFA0087
CARO;;FAIENCE 20X30 REF 2304;1;0;CAFA0088
CARO;;FAIENCE 20X30 REF 2303;1;0;CAFA0089
CARO;;FAIENCE 25X40 REF 25366;1;0;CAFA0090
CARO;;FAIENCE 25X40 REF 25371;1;0;CAFA0091
CARO;;FAIENCE 25X40 REF 25329;1;0;CAFA0093
CARO;;FAIENCE 25X40 REF 25376;1;0;CAFA0094
CARO;;FAIENCE 20X30 REF PMCP23510G;1;0;CAFA0095
CARO;;FAIENCE 20X30 REF PMCP23098G;1;0;CAFA0096
CARO;;FAIENCE 20X30 REF PMCP23097G;1;0;CAFA0097
CARO;;FAIENCE 20X30 REF PMCP23181G;1;0;CAFA0098
CARO;;FAIENCE 20X30 REF PMCP23003G;1;0;CAFA0099
CARO;;FAIENCE 20X30 REF PMCP23164G;1;0;CAFA0100
CARO;;FAIENCE 20X30 REF PMCP23213G;1;0;CAFA0101
CARO;;FAIENCE 25X40 REF25204;1;0;CAFA0102
CARO;;FAIENCE 25X40 REF 25323;1;0;CAFA0103
CARO;;FAIENCE 25X40 REF 2500;1;0;CAFA0104
CARO;;FAIENCE 25X50 REF 5033;1;0;CAFA0105
CARO;;FAIENCE 25X50 REF 25815;1;0;CAFA0106
CARO;;FAIENCE 25X40 REF 25116;1;0;CAFA0107
CARO;;FAIENCE 25X40 REF 25310;1;0;CAFA0108
CARO;;FAIENCE 25X40 REF 25154;1;0;CAFA0109
CARO;;FAIENCE 25X40 REF 25330;1;0;CAFA0110
CARO;;FAIENCE 20X30 REF 15-HL;1;0;CAFA0111
CARO;;FAIENCE 20X30 REF 10-HL;1;0;CAFA0112
CARO;;FAIENCE 20X30 REF 498-HL;1;0;CAFA0113
CARO;;FAIENCE 20X30 REF 05-HL;1;0;CAFA0114
CARO;;CARREAUX FAIENCE 20X30 REF 6121-HL-1;1;0;CAFA0115
CARO;;CARREAUX FAIENCE 20X30 REF 6124-HL-1;1;0;CAFA0116
CARO;;CARREAUX FAIENCE 20X30 REF 6124-HL-2;1;0;CAFA0117
CARO;;CARREAUX FAIENCE 20X30 REF WHITE-05;1;0;CAFA0118
CARO;;CARREAUX FAIENCE 20X30 REF 9514;1;0;CAFA0119
CARO;;CARREAUX FAIENCE 20X30 REF 8063-HL-1;1;0;CAFA0120
CARO;;CARREAUX FAIENCE 20X30 REF 8007-HL-1;1;0;CAFA0121
CARO;;FAIENCE 20X30 REF PMCP23211G;1;0;CAFA0122
CARO;;FAIENCE 25*40 REF 2502;1;0;CAFA0123
CARO;;FAIENCE 20*30 REF 2052-HL2;1;0;CAFA0124
CARO;;FAIENCE 20*30 REF EL-201;1;0;CAFA0125
CARO;;FAIENCE 20*30 REF 25-HL;1;0;CAFA0126
CARO;;FAIENCE 20*30 REF EL-214;1;0;CAFA0127
CARO;;FAIENCE 25X40 REF 25509;1;0;CAFA0128
CARO;;FAIENCE 25*40 REF 25259;1;0;CAFA0129
CARO;;FAIENCE 20X30 REF 988;1;0;CAFA0130
CARO;;FAIENCE 20*30 REF EL-978;1;0;CAFA0131
CARO;;FAIENCE 20*30 REF 1162-HL ;1;0;CAFA0132
CARO;;FAIENCE 20*30 REF 351-HL;1;0;CAFA0133
CARO;;FAIENCE 20*30 REF 201-HLC;1;0;CAFA0134
CARO;;FAIENCE 20*30 REF EL-1001;1;0;CAFA0135
CARO;..;CARREAUX SOL 30X30 REF 3006HP;1;0;CAFA0136
CARO;;FAIENCE 25*40 REF VPM022F;1;0;CAFA0137
CARO;;FAIENCE 25*40 REF VPM0025F;1;0;CAFA0138
CARO;;FAIENCE 20X30 ''FIN SERIE'';1;0;CAFA0139
CARO;;FAIENCE 20*30 REF EL-901;1;0;CAFA0140
CARO;;CARREAUX SOL 40X40 NG REF 4007EGV;1;0;CAFA0141
CARO;;CARREAUX SOL 40X40 NG REF 4004EGV;1;0;CAFA0142
CARO;;CARREAUX 30X30 A-D JAUNE REF Y8011;1;0;CAFA0143
CARO;;CARREAUX 30X30 A-D BLEU REF H8011;1;0;CAFA0144
CARO;;CARREAUX SOL 30X30 REF D3018;1;0;CAFA0145
CARO;;CARREAUX SOL 40X40 REF 40001 F;1;0;CAFA0146
CARO;;CARREAUX SOL 40X40 REF 40017;1;0;CAFA0147
CARO;;FAIENCE 25*40 REF 2602;1;0;CAFA0148
CARO;;CARREAUX SOL 40X40 REF 40019 C;1;0;CAFA0149
CARO;;CARREAUX POLY 60*60 REF VPM025;1;0;CAFA0150
CARO;;CARREAUX POLY 60*60 REF VPM007;1;0;CAFA0151
CARO;;CARREAUX POLY 60*60 REF VPM010;1;0;CAFA0152
CARO;;CARREAUX POLY 60*60 REF VPM027;1;0;CAFA0153
CARO;;FAIENCE 25*40 REF 2514WB;1;0;CAFA0154
CARO;;CARREAUX POLY 60*60 REF 6040;1;0;CAFA0155
CARO;;CARREAUX POLY 60*60 REF 6029;1;0;CAFA0156
CARO;;CARREAUX 30*30 NG (Pris par TARI au magasin de PORTO NOVO);1;0;CAFA0157
CARO;;FAIENCE 25X40 REF 2577;1;0;CAFA0158
CARO;;FAIENCE 25X40 REF 2508;1;0;CAFA0159
CARO;;CARREAUX 40*40 REF V4116;1;0;CAFA0160
CARO;;CARREAUX FAIENCE 20*30 REF 1155D;1;0;CAFA0161
CARO;;CARREAUX FAIENCE 20*30 REF 8005;1;0;CAFA0162
CARO;;CARREAUX FAIENCE 20*30 REF B-7006;1;0;CAFA0163
CARO;;CARREAUX FAIENCE 20*30 REF 9008;1;0;CAFA0165
CARO;;CARREAUX FAIENCE 20*30 REF 2004-L;1;0;CAFA0166
CARO;;CARREAUX FAIENCE 20*30 REF 1030;1;0;CAFA0167
CARO;;CARREAUX FAIENCE 20*30 REF 1155-L;1;0;CAFA0168
CARO;;FAIENCE 25X40 REF 2574;1;0;CAFA0169
CARO;;FAIENCE 25X40 REF 2523;1;0;CAFA0170
CARO;;FAIENCE 25X40 REF 2526;1;0;CAFA0171
CARO;;FAIENCE 25X40 REF 2528;1;0;CAFA0172
CARO;;FAIENCE 20*30 REF 3132-HL1;1;0;CAFA0175
CARO;;CARREAUX POLY 60*60 REF 06A14;1;0;CAFA0176
CARO;;CARREAUX 60X60 POLY REF 06A24;1;0;CAFA0177
CARO;;CARREAUX CAP 40X40 49808;1;0;CAFA0178
CARO;;CARREAUX CAP 40X40 49804;1;0;CAFA0179
CARO;;CARREAUX POLY 60*60 REF YMP66087G;1;0;CAFA0180
CARO;;FAIENCE 20X30 REF ELE-9004;1;0;CAFA0181
CARO;;FAIENCE 20X30 REF 3057-HL3;1;0;CAFA0182
CARO;;FAIENCE 20X30 REF 23027;1;0;CAFA0183
CARO;;FAIENCE 20X30 REF 25022;1;0;CAFA0184
CARO;;FAIENCE 20X30 REF 25011;1;0;CAFA0185
CARO;;FAIENCE 20X30 REF 25023;1;0;CAFA0186
CARO;;FAIENCE 20X30 REF P1032B;1;0;CAFA0187
CARO;;FAIENCE 20X30 REF P1032C;1;0;CAFA0188
CARO;;FAIENCE 20X30 REF 825;1;0;CAFA0189
CARO;;CARREAUX 30X30 MATE  809A;1;0;CARO0001
CARO;;CARREAUX 30X30 MATE 9302M;0;0;CARO0002
CARO;;CARREAUX 30X30 MATE 9303M;0;0;CARO0003
CARO;;CARREAUX 30X30 MATE 9301M;0;0;CARO0004
CARO;;CARREAUX 30X30 MATE 803A;0;0;CARO0005
CARO;;CARREAUX 30X30 MATE 9304M;0;0;CARO0006
CARO;;CARREAUX 30X30 MATE Q3011;1;0;CARO0007
CARO;;CARREAUX 30X30 MATE Q3012;1;0;CARO0008
CARO;;CARREAUX 30X30 MATE Q3013;1;0;CARO0009
CARO;;CARREAUX 30X30 MATE Q3015;0;0;CARO0010
CARO;;CARREAUX 30X30 VERNISE HA301;0;0;CARO0011
CARO;;CARREAUX 30X30 VERNISE HA302;0;0;CARO0012
CARO;;CARREAUX 30X30 VERNISE HA303;0;0;CARO0013
CARO;;CARREAUX 30X30 VERNISE HA304;0;0;CARO0014
CARO;;CARREAUX 40X40 VERNISE4301;0;0;CARO0015
CARO;;CARREAUX 30X30X VERNISE HA305;0;0;CARO0016
CARO;;CARREAUX 30X30 ANTI 3D45;0;0;CARO0017
CARO;;FAIENCE 20X30 3D001;0;0;CARO0018
CARO;;FAIENCE 20X30 0R002;0;0;CARO0019
CARO;;FAIENCE 20X30 0R003;0;0;CARO0020
CARO;;FAIENCE 20X30 0R004;0;0;CARO0021
CARO;;FAIENCE 20X30 0R005;0;0;CARO0022
CARO;;FAIENCE 20X30  3D005;0;0;CARO0023
CARO;;FAIENCE 20X30 0R009;0;0;CARO0024
CARO;;FAIENCE 20X30 3D007;0;0;CARO0025
CARO;;FAIENCE 20X30 3D008;0;0;CARO0026
CARO;;FAIENCE 20X30 3000;0;0;CARO0027
CARO;;FAIENCE 20X30 P039A;0;0;CARO0028
CARO;;FAIENCE 20X30 3300;0;0;CARO0029
CARO;;FAIENCE 20X30 P23106;0;0;CARO0030
CARO;;FAIENCE 20X30 WP32031;0;0;CARO0031
CARO;;FAIENCE 20X30 P23011;0;0;CARO0032
CARO;;FAIENCE 20X30 NOIR;0;0;CARO0033
CARO;;FAIENCE 20X30 P39;0;0;CARO0034
CARO;;FAIENCE 20X30 J30016;0;0;CARO0035
CARO;;FAIENCE 20X30 P23026;0;0;CARO0036
CARO;;FAIENCE 20X30 P045A;0;0;CARO0037
CARO;;FAIENCE 20X30 P040A;0;0;CARO0038
CARO;;FAIENCE 20X30 P23009;0;0;CARO0039
CARO;;FAIENCE 20X30 P819A;0;0;CARO0040
CARO;;FAIENCE 20X30 019;0;0;CARO0041
CARO;;FAIENCE 20X30 333DLD;0;0;CARO0042
CARO;;FAIENCE 20X30 P006A;0;0;CARO0043
CARO;;FAIENCE 20X30 BT956;0;0;CARO0044
CARO;;FAIENCE 20X30 P847A;0;0;CARO0045
CARO;;FAIENCE 20X30 P37;1;0;CARO0046
CARO;;FAIENCE 20X30 P879A;0;0;CARO0047
CARO;;FAIENCE 20X30 0903B;0;0;CARO0048
CARO;;FAIENCE 20X30 30225;0;0;CARO0049
CARO;;FAIENCE 20X30 30219;0;0;CARO0050
CARO;;FAIENCE 20X30 P239963;0;0;CARO0051
CARO;;FAIENCE 20X30 120A;0;0;CARO0052
CARO;;FAIENCE 20X30 P25GA;0;0;CARO0053
CARO;;FAIENCE 20X30 P23157;0;0;CARO0054
CARO;;FAIENCE 20X30 P23159;0;0;CARO0055
CARO;;FAIENCE 20X30 P231931;1;0;CARO0056
CARO;;FAIENCE 20X30 P013A;0;0;CARO0057
CARO;;FAIENCE 20X30 P23001;0;0;CARO0058
CARO;;FAIENCE 20X30 W01;0;0;CARO0059
CARO;;FAIENCE 20X30 S1;0;0;CARO0060
CARO;;FAIENCE 20X30 P23;0;0;CARO0061
CARO;;FAIENCE 20X30 P843A;0;0;CARO0062
CARO;;FAIENCE 20X30 BT945;0;0;CARO0063
CARO;;FAIENCE 20X30 BLANC;0;0;CARO0064
CARO;;FAIENCE 20X30 M341BB;0;0;CARO0065
CARO;;FAIENCE 20X30 P32038;0;0;CARO0066
CARO;;FAIENCE 20X30 W8124C;0;0;CARO0067
CARO;;FAIENCE 20X30 W525;0;0;CARO0068
CARO;;FAIENCE 20X30 341BA;0;0;CARO0069
CARO;;FAIENCE 20X30 C613;0;0;CARO0070
CARO;;FAIENCE 20X30 WC906;0;0;CARO0071
CARO;;FAIENCE 20X30 M341BC;0;0;CARO0072
CARO;;CARREAUX POLY 60X60 TR6A01;0;0;CARO0073
CARO;;CARREAUX 40X40 CAP 98405;0;0;CARO0074
CARO;;CARREAUX 40X40 CAP 98402;1;0;CARO0075
CARO;;CARREAUX 40X40 CAP 40SP3;0;0;CARO0076
CARO;;CARREAUX 40X40 CAP 98413;0;0;CARO0077
CARO;;CARREAUX 40X40 CAP 98412;0;0;CARO0078
CARO;;CARREAUX 40X40 CH 4301;0;0;CARO0079
CARO;;CARREAUX 40X40 CH 4006;0;0;CARO0080
CARO;;CARREAUX 40X40 CAP 44SP3;1;0;CARO0081
CARO;;FAIENCE 25X33 151025-N2;0;0;CARO0082
CARO;;FAIENCE 25X33 2026A;0;0;CARO0083
CARO;;FAIENCE 25X33 25700;0;0;CARO0084
CARO;;FAIENCE 25X33 25812;0;0;CARO0085
CARO;;FAIENCE 25X33 2026B;0;0;CARO0086
CARO;;FAIENCE 25X33 33150;0;0;CARO0087
CARO;;FAIENCE 25X33 2027A;0;0;CARO0088
CARO;;FAIENCE 25X33 25669A;0;0;CARO0089
CARO;;FAIENCE 25X33 25666A;0;0;CARO0090
CARO;;FAIENCE 25X33 GD003B;0;0;CARO0091
CARO;;FAIENCE 25X33 25304;0;0;CARO0092
CARO;;FAIENCE 25X33 25613;0;0;CARO0093
CARO;;FAIENCE 25X33 25500;0;0;CARO0094
CARO;;FAIENCE 25X33 YN31-2;0;0;CARO0095
CARO;;FAIENCE 25X33 AM10;0;0;CARO0096
CARO;;CARREAUX CASSE;0;0;CARO0097
CARO;;CARREAUX 30X30 CAP 33SP3;0;0;CARO0098
CARO;;CARREAUX 30X30 CAP 9803;0;0;CARO0099
CARO;;CARREAUX 30X30 CAP 9802;0;0;CARO0100
CARO;;CARREAUX POLY 50X50 5197;0;0;CARO0101
CARO;;CARREAUX 40X40 CAP 44SP3;1;0;CARO0102
CARO;;CARREAUX 40X40 CAP 98403;1;0;CARO0103
CARO;;CARREAUX 40X40 CAP 98401D;0;0;CARO0104
CARO;;CARREAUX POLY 50X50 5102;0;0;CARO0105
CARO;;FAIENCE 20X30 2002;0;0;CARO0106
CARO;;CARREAUX 30X30 MATE 817A;0;0;CARO0107
CARO;;CARREAUX 30X30 MATE 812A;0;0;CARO0108
CARO;;CARREAUX 30X30 MATE 802A;0;0;CARO0109
CARO;;FAIENCE 20X30 3801D;0;0;CARO0110
CARO;;CARREAUX CAP 30X30 PS3060;0;0;CARO0111
CARO;;FAIENCE 20X30 30221;0;0;CARO0112
CARO;;CARREAUX POLY 50X50 REF 5131;0;0;CARO0113
CARO;;FAIENCE 20X30 140;0;0;CARO0114
CARO;;CARREAUX POLY 50X50 5121;0;0;CARO0115
CARO;;CARREAUX POLY 50X50 YS5919;0;0;CARO0116
CARO;;CARREAUX POLY 50X50 5132;0;0;CARO0117
CARO;;CARREAUX 30X30 CAP 9804;0;0;CARO0118
CARO;;FAIENCE 20X30 3330BEIGE;0;0;CARO0119
CARO;;CARREAUX POLY 50X50 5200;0;0;CARO0120
CARO;;FAIENCE 20X30 3330 GREEN;0;0;CARO0121
CARO;;FAIENCE 20X30 HY203009C;0;0;CARO0122
CARO;;FAIENCE 20X30 3022A;0;0;CARO0123
CARO;;FAIENCE 20X30 T232092;0;0;CARO0124
CARO;;FAIENCE 20X30 30218;0;0;CARO0125
CARO;;FAIENCE 20X30 ROSA;0;0;CARO0126
CARO;;FAIENCE 20X30 TOKYO;0;0;CARO0127
CARO;;FAIENCE 20X30 23095;0;0;CARO0128
CARO;;FAIENCE 20X30 2256;0;0;CARO0129
CARO;;FAIENCE 20X30 2309;0;0;CARO0130
CARO;;FAIENCE 20X30 9140E;0;0;CARO0131
CARO;;FAIENCE 20X30 9140F;0;0;CARO0132
CARO;;CARREAUX POLY 50X50 5176B;1;0;CARO0133
CARO;;CARREAUX POLY 50X50 REF 5222;0;0;CARO0134
CARO;;FAIENCE 20X30 30224;0;0;CARO0135
CARO;;CARREAUX 40X40 CAP 98405B;0;0;CARO0136
CARO;;CARREAUX 50X50 POLY REF 5177;0;0;CARO0137
CARO;;CARREAUX 30X30 MONO CUISON REF 310;0;0;CARO0138
CARO;;CARREAUX 30X3 MONO CUISON REF 303;0;0;CARO0139
CARO;;FAIENCE 20X30 REF H2310;0;0;CARO0140
CARO;;FAIENCE 20X30 REF H2309;0;0;CARO0141
CARO;;FAIENCE 20X30 REF K2308;0;0;CARO0142
CARO;;FAIENCE 20X30 REF B208;0;0;CARO0143
CARO;;FAIENCE 20X30 REF A23079B;0;0;CARO0144
CARO;;FAIENCE 20X30 REF A23025;0;0;CARO0145
CARO;;FAIENCE 20X30 REF QZ2030-040;0;0;CARO0146
CARO;;FAIENCE 20X30 REF QZ2030-048;0;0;CARO0147
CARO;;FAIENCE 20X30 REF E69;0;0;CARO0148
CARO;;FAIENCE 20X30 REF QZ2030-006B;0;0;CARO0149
CARO;;FAIENCE 20X30 REF QZ2030-035;0;0;CARO0150
CARO;;CARREAUX 60X60 POLY REF AYS6000;0;0;CARO0151
CARO;;CARREAUX 50X50 POLY REF 5607;0;0;CARO0152
CARO;;CARREAUX 60X60 POLY REF DS62C;0;0;CARO0153
CARO;;CARREAUX 60X60 POLY REF AYP6003;0;0;CARO0154
CARO;;FAIENCE 20X30 REF 3068C;0;0;CARO0155
CARO;;FAIENCE 20X30 REF P8;0;0;CARO0156
CARO;;FAIENCE 20X30 REF P8B;0;0;CARO0157
CARO;;FAIENCE 20X30 REF 480;0;0;CARO0158
CARO;;FAIENCE 20X30 REF P3A;0;0;CARO0159
CARO;;FAIENCE 20X30 REF B143;0;0;CARO0160
CARO;;FAIENCE 20X30 REF N2327;0;0;CARO0161
CARO;;FAIENCE 20X30 REF N160;0;0;CARO0162
CARO;;CARREAUX 30X30 ANTI BERGE REF D809;0;0;CARO0163
CARO;;CARREAUX 30X30 ANTI GRIS REF D801;0;0;CARO0164
CARO;;CARREAUX 60X60 POLY REF A66175B;0;0;CARO0165
CARO;;CARREAUX 60X60 POLY REF A66161B;0;0;CARO0166
CARO;;CARREAUX 60X60 POLY REF A6262B;0;0;CARO0167
CARO;;CARREAUX CAP 30X30 REF 9801;0;0;CARO0168
CARO;;CARREAUX POLY 40X40 REF 5607;0;0;CARO0169
CARO;;CARREAUX POLY 40X40 REF 5200;0;0;CARO0170
CARO;;CARREAUX POLY 40X40 REF 5131;0;0;CARO0171
CARO;;CARREAUX POLY 40X40 REF 5176;0;0;CARO0172
CARO;;CARREAUX POLY 40X40 REF 5177;0;0;CARO0173
CARO;;CARREAUX POLY 30X30 REF 5177;0;0;CARO0174
CARO;;CARREAUX POLY 30X30 REF 5176;0;0;CARO0175
CARO;;CARREAUX POLY 30X30 REF 5131;0;0;CARO0176
CARO;;CARREAUX POLY 30X30 REF 5607;0;0;CARO0177
CARO;;CARREAUX POLY 30X30 REF 5200;0;0;CARO0178
CARO;;CARREAUX 30X30 REF 801A BEIGE VERNISE;0;0;CARO0179
CARO;;CARREAUX 30X30 REF M809A BERGE MATE;0;0;CARO0180
CARO;;CARREAUX 30X30 REF D801G ANTI ;0;0;CARO0181
CARO;;CARREAUX 30X30 REF 817 ROSE VERNISE;0;0;CARO0182
CARO;;CARREAUX 30X3  REF E306;0;0;CARO0183
CARO;;CARREAUX 30X30 REF TL309;0;0;CARO0184
CARO;;CARREAUX 30X30 REF M3809A;0;0;CARO0185
CARO;;CARREAUX 30X30 REF 3025;0;0;CARO0186
CARO;;CARREAUX 30X30 REF 803;0;0;CARO0187
CARO;;CARREAUX 30X30 REF 803B;0;0;CARO0188
CARO;;CARREAUX 30X30 REF 801;0;0;CARO0189
CARO;;CARREAUX 30X30 REF 811;0;0;CARO0190
CARO;;CARREAUX 30X30 REF F305;0;0;CARO0191
CARO;;CARREAUX 30X30 REF 3106;0;0;CARO0192
CARO;;CARREAUX 30X30 REF A302;0;0;CARO0193
CARO;;CARREAUX 30X30 REF F803;0;0;CARO0194
CARO;;CARREAUX 30X30 REF 8011;0;0;CARO0195
CARO;;CARREAUX 30X30 REF 809;0;0;CARO0196
CARO;;CAREAU BLANC;0;0;CARO0197
CARO;;CARREAUX CAP 30X30 98402;0;0;CARO0198
CARO;;CARREAUX CAP 30X30 98403 COUPé;1;0;CARO0199
CARO;;CARREAUX CAP 40X40 44SP3..;1;0;CARO0200
CARO;;FAIENCE 25X40 REF T24018;0;0;CARO0201
CARO;;FAIENCE 25X40 REF T24008;0;0;CARO0202
CARO;;FAIENCE 25X40 REF T24006;0;0;CARO0203
CARO;;FAIENCE 25X40 REF T24002;0;0;CARO0204
CARO;;FAIENCE 25X40 REF T24001;0;0;CARO0205
CARO;;FAIENCE 25X40 REF T24010;0;0;CARO0206
CARO;;FAIENCE 25X40 REF T24015;0;0;CARO0207
CARO;;FAIENCE 25X40 REF T24005;0;0;CARO0208
CARO;;FAIENCE 25X40 REF 2540C-2;0;0;CARO0209
CARO;;FAIENCE 25X40 REF 25201B;0;0;CARO0210
CARO;;FAIENCE 20X40 REF 240H63-0;0;0;CARO0211
CARO;;FAIENCE 25X40 REF FQ3048B;0;0;CARO0212
CARO;;FAIENCE 20X30 REF MARRON 1;0;0;CARO0213
CARO;;FAIENCE 20X30 REF 898;0;0;CARO0214
CARO;;FAIENCE20X30 REF S231102;0;0;CARO0215
CARO;;FAIENCE 20X30 REF Q23000;0;0;CARO0216
CARO;;FAIENCE 20X30 REF 2300B;0;0;CARO0217
CARO;;FAIENCE 20X30 REF 2300;0;0;CARO0218
CARO;;CARREAUX 30X30 REF 9303 VERNISE GRIS;0;0;CARO0220
CARO;;CARREAUX 30X30 REF 9304 VERNISE BERGE;0;0;CARO0221
CARO;;CARREAUX 30X30 REF 9302 VERNISE ROSE;0;0;CARO0222
CARO;;CARREAUX 30X30 ANTI REF H809;0;0;CARO0223
CARO;;FAIENCE 25X40 REF G95098;0;0;CARO0224
CARO;;FAIENCE 25X30 REF G85503;0;0;CARO0225
CARO;;FAIENCE 25X40 REF 45510A;0;0;CARO0226
CARO;;FAIENCE 25X40 REF 2503;0;0;CARO0227
CARO;;FAIENCE 25X40 REF 1010A;0;0;CARO0228
CARO;;FAIENCE 25X40 REF 02478;0;0;CARO0229
CARO;;FAIENCE 25X40 REF S2405GB;0;0;CARO0230
CARO;;FAIENCE 25X40 REF PL250408;0;0;CARO0231
CARO;;FAIENCE 25X40 REF KR2541;0;0;CARO0232
CARO;;CARREAUX 30X30 A-D REF H701V;1;0;CARO0233
CARO;;CARREAUX SOL 30X30 ANTI REF H503;0;0;CARO0234
CARO;;CARREAUX SOL 30X30 ANTI REF H502;0;0;CARO0235
CARO;;FAIENCE 25X40 REF G95009;0;0;CARO0236
CARO;;FAIENCE 25X40 REF G82613;0;0;CARO0237
CARO;;CARREAUX 40X40 REF AYP6003;0;0;CARO0238
CARO;;CARREAUX 30X30 REF AYP6003;0;0;CARO0239
CARO;;CARREAUX 30X30 REF H501;0;0;CARO0240
CARO;;CARREAUX 30X30 REF H303;0;0;CARO0241
CARO;;FAIENCE 25X40 REFG95003;0;0;CARO0242
CARO;;FAIENCE 25X40 REF G95532;0;0;CARO0243
CARO;;FAIENCE 25X40 REF PM207M9;0;0;CARO0244
CARO;;CARREAUX 30X30 ANTI REF H601;0;0;CARO0245
CARO;;CARREAUX 30X30 ANTI REF H602;0;0;CARO0246
CARO;;CARREAUX 30X30 ANTI REF H603;0;0;CARO0247
CARO;;FAIENCE 20X30 REF 160A;0;0;CARO0248
CARO;;FAIENCE 20X30 REF 140A ;0;0;CARO0249
CARO;;FAIENCE 20X30 REF P15A;0;0;CARO0250
CARO;;FAIENCE 20X30 REF M0505C;0;0;CARO0251
CARO;;FAIENCE 20X30 REF 23161A;0;0;CARO0252
CARO;;FAIENCE 20X30 REF PM008C-1;0;0;CARO0253
CARO;;FAIENCE 20X30 REF 170A;0;0;CARO0254
CARO;;FAIENCE 20X30 REF 3004D;0;0;CARO0255
CARO;;FAIENCE 20X30 REF 23177B;0;0;CARO0256
CARO;;FAIENCE 20X30 REF P91017;0;0;CARO0257
CARO;;FAIENCE 20X30 REF P40;0;0;CARO0258
CARO;;FAIENCE 20X30 REF YB2051;0;0;CARO0259
CARO;;FAIENCE 20X30 REF 160B;0;0;CARO0260
CARO;;FAIENCE 20X30 REF YB2040;0;0;CARO0261
CARO;;FAIENCE 20X30 REF 140B;0;0;CARO0262
CARO;;CARREAUX 40X40 MONOCUSSON REF AY-A141201B;0;0;CARO0263
CARO;;CARREAUX POLY 60X60 REF P6060M016 ;0;0;CARO0264
CARO;;CARREAUX POLY 60X60 REF P6060M020;0;0;CARO0265
CARO;;CARREAUX POLY 60X60 REF BB6081;0;0;CARO0266
CARO;;CARREAUX 60X60 REF 1002 MABRE;0;0;CARO0267
CARO;;CARREAUX 60X60 REF 13560 MABRE;0;0;CARO0268
CARO;;FAIENCE 25X40 DECORE REF H58051;0;0;CARO0269
CARO;;FAIENCE 25X40 DECORE REF H58802;0;0;CARO0270
CARO;;FAIENCE 25X40 DECORE REF H36872;0;0;CARO0271
CARO;;FAIENCE 25X40 DECORE REF H25630;0;0;CARO0272
CARO;;FAIENCE 25X30 DECORE REF H25628;0;0;CARO0273
CARO;;FAIENCE 25X40 DECORE REF H36873;0;0;CARO0274
CARO;;CARREAUX 30X30 GRIS VERNISE REF 351;0;0;CARO0275
CARO;;CARREAUX 30X30 BEIGE VERNISE REF 352;0;0;CARO0276
CARO;;CARREAUX 40X40 REF N4001 ROSE;0;0;CARO0277
CARO;;CARREAUX 40X40 REF N4002 VERT;0;0;CARO0278
CARO;;FAIENCE 20X30 REF 2A ;0;0;CARO0279
CARO;;FAIENCE 20X30 REF P16A;0;0;CARO0280
CARO;;FAIENCE 20X30 REF P16B;0;0;CARO0281
CARO;;FAIENCE 20X30 REF P3B;0;0;CARO0282
CARO;;CARREAUX 40X40 REF 421;0;0;CARO0283
CARO;;FAIENCE 20X30 REF 3D20302;0;0;CARO0284
CARO;;FAIENCE 20X30 REF C120313;0;0;CARO0285
CARO;;CARREAUX 30X30 VERNISE ROSE REF 304;0;0;CARO0286
CARO;;CARREAUX 30X30 VERNISE VERT REF 314;0;0;CARO0287
CARO;;CARREAUX 30X30 VERNISE BLANC REF 300;0;0;CARO0288
CARO;;CARREAUX 30X30 VERNISE BEIGE REF A306;0;0;CARO0289
CARO;;CARREAUX 30X30 VERNISE GRIS REF 301;0;0;CARO0290
CARO;;FAIENCE 20X30 REF 3335;0;0;CARO0291
CARO;;FAIENCE 20X30 REF EW0616B;0;0;CARO0292
CARO;;FAIENCE 20X30 REF E9;0;0;CARO0293
CARO;;FAIENCE 20X30 REF P95;0;0;CARO0294
CARO;;CARREAUX 60X60 REF KDF2000010;0;0;CARO0296
CARO;;CARREAUX 60X60 REF KDF3000005;0;0;CARO0297
CARO;;CARREAUX 60X60 REF KDF3000011;0;0;CARO0298
CARO;;CAREEAUX 60X60 REF KDF2000002;0;0;CARO0299
CARO;;CARREAUX 30X30 ROSE VERNISE REF A303;0;0;CARO0300
CARO;;FAIENCE 20X30 REF P1A;0;0;CARO0301
CARO;;FAIENCE 20X30 REF X2302B;0;0;CARO0302
CARO;;FAIENCE 20X30 REF P8E;0;0;CARO0303
CARO;;FAIENCE 20X30 REF GB394A;0;0;CARO0304
CARO;;CARREAUX 40X40 REF N4005 BLANC;0;0;CARO0305
CARO;;CARREAUX 40X40 REF N4003;0;0;CARO0306
CARO;;FAIENCE 25X50 REF TSJH3292A;0;0;CARO0307
CARO;;FAIENCE 25X50 REF SU2550-003B;0;0;CARO0308
CARO;;FAIENCE 25X40 REF 2500B;1;0;CARO0309
CARO;;FAIENCE 25X40 REF 24800;0;0;CARO0310
CARO;;FAIENCE 25X40 REF 0247B;0;0;CARO0311
CARO;;FAIENCE 25X40 REF 2511;0;0;CARO0312
CARO;;FAIENCE 20X30 REF 2068-HL;0;0;CARO0313
CARO;;FAIENCE 20X30 REF 2002-L;0;0;CARO0314
CARO;;FAIENCE 20X30 REF 2023-HL;0;0;CARO0315
CARO;;FAIENCE 20X30 REF W001;0;0;CARO0316
CARO;;FAIENCE 20X30 REF P20304;0;0;CARO0317
CARO;;FAIENCE 20X30 REF P5B;0;0;CARO0318
CARO;;CARREAUX POLY 50*50 REF 5126;0;0;CARO0319
CARO;;CARREAUX POLY 60X60 REF SHG 66A2903Q BOUT CASSE;1;0;CARO0320
CARO;;CARREAUX 30X30 GRIS MAT Q3011N;0;0;CARO0321
CARO;;CARREAUX 30X30 BERGE MAT Q3012N;0;0;CARO0322
CARO;;CARREAUX 30X30 ROSE MAT Q3013;0;0;CARO0323
CARO;;CARREAUX 30X30 ROSE MAT Q3013N;0;0;CARO0324
CARO;;CARREAUX 30X30 GRIS VERNISE 351N;0;0;CARO0325
CARO;;CARREAUX 30X30 ROSE VERNISE 817N;0;0;CARO0326
CARO;;CARREAUX 30X30 BERGE VERNISE 352N;0;0;CARO0327
CARO;;CARREAUX 30X30 VERT MAT 802AN;0;0;CARO0328
CARO;;CARREAUX 30*30 VERT MATE 802AN;0;0;CARO0329
CARO;;CARREAUX 30X30 VERT VERNISE 314N;0;0;CARO0330
CARO;;CARREAUX 40X40 BERGE MAT 4802AN;0;0;CARO0331
CARO;;CARREAUX 40X40 GRIS MAT 4801AN;0;0;CARO0332
CARO;;CARREAUX 40X40 BLANC VERNISE N4412N;1;0;CARO0333
CARO;;CARREAUX 40X40 GRIS VERNISE 4403N;0;0;CARO0334
CARO;;CARREAUX 40X40 VERT MATE 4804AN;0;0;CARO0335
CARO;;CARREAUX 40X40 VERT VERNISE N4002N;0;0;CARO0336
CARO;;CARREAUX 40X40 GRIS MATE 4802BN;0;0;CARO0337
CARO;;CARREAUX 40X40 GRIS VERNISE N4003N;0;0;CARO0339
CARO;;CARREAUX 40X40 GRIS MATE CLAIR  4803N;0;0;CARO0340
CARO;;CARREAUX 40X40 ROSE VERNISE 4001N;0;0;CARO0341
CARO;;CARREAUX 40X40 BERGE VERNISE N4012N;0;0;CARO0342
CARO;;FAIENCE 20*30 YWL238;0;0;CARO0343
CARO;;FAIENCE 20*30 YWL242;0;0;CARO0344
CARO;;FAIENCE 20*30 YWL271;0;0;CARO0345
CARO;;FAIENCE 20*30 YWL235;0;0;CARO0346
CARO;;FAIENCE 20*30 YWL237;0;0;CARO0347
CARO;;FAIENCE 20*30 REF:2310;0;0;CARO0348
CARO;;FAIENCE 20*30 RF:2308;0;0;CARO0349
CARO;;FAIENCE 20*30 RF:2311;0;0;CARO0350
CARO;;FAIENCE 20*30 RF:2306;1;0;CARO0351
CARO;;FAIENC 20*30 REF: YWL266;0;0;CARO0352
CARO;;FAIENCE 20*30 REF:YWL256;0;0;CARO0353
CARO;;FAIENCE 20*30 REF:YWL260;0;0;CARO0354
CARO;;FAIENCE 20*30 REF:YWL270;0;0;CARO0355
CARO;;CARREAUX POLY 50*50 REF:5104;0;0;CARO0356
CARO;;CARREAUX POLY 50*50 REF:5132 *;0;0;CARO0357
CARO;;CARREAUX POLY 50*50 REF:5248;0;0;CARO0358
CARO;;CARREAUX POLY 60*60 REF:072B;0;0;CARO0359
CARO;;CARREAUX POLY 60*60 REF:022A;0;0;CARO0360
CARO;;CARREAUX POLY 60*60 REF:824D;0;0;CARO0361
CARO;;FAIENCE 20*30 REF:YWL301;1;0;CARO0362
CARO;;FAIENCE 20*30 REF:YWL290 ;1;0;CARO0363
CARO;;FAIENCE 20*30 REF:YWL300;0;0;CARO0364
CARO;;FAIENCE 20*30 REF:YWL273;0;0;CARO0365
CARO;;FAIENCE 20*30 REF: YWL247;0;0;CARO0366
CARO;;FAIENCE 20*30 REF:YWL236;0;0;CARO0367
CARO;;CARREAUX 40*40 REF:G403M VERT;1;0;CARO0368
CARO;;CARREAUX 40*40 REF:G400M;1;0;CARO0369
CHME;;TOLE BAC ALU 0.17 GKS VERT GRANULE.;1;0;CARO0370
CARO;;CARREAUX 40X40 REF:G408M;1;0;CARO0371
CARO;;CARREAUX 40*40 REF:G403L;0;0;CARO0372
CARO;;CARREAUX 40*40 REF:G400L BLANC VERNISE;0;0;CARO0373
CARO;;FAIENCE 20*30 REF:YWL302;0;0;CARO0374
CARO;;FAIENCE 20*30 REF:YWL312;0;0;CARO0375
CARO;;FAIENCE 20*30 REF:YWL313;0;0;CARO0376
CARO;;FAIENCE 20*30 REF:YWL307;0;0;CARO0377
CARO;;CARREAUX 40*40 BEIGE MATE CLAIR ;1;0;CARO0378
CARO;;CARREAUX 30*30 GRIS MATE CLAIR REF Q3011N ;1;0;CARO0379
CARO;;CARREAUX POLY 60*60 REF:GRY60P;0;0;CARO0380
CARO;;CARREAUX POLY 60*60 REF:QP62002;0;0;CARO0381
CARO;;CARREAUX POLY 60*60 REF:CJQ6018;0;0;CARO0382
CARO;;CARREAUX POLY 60*60 REF:CJ6A89;0;0;CARO0383
CARO;;CARREAUX POLY 60*60 REF:CL3032PCM;0;0;CARO0384
CARO;;CARREAUX POLY 60*60 REF:HM6601;0;0;CARO0385
CARO;;CARREAUX POLY 60*60 REF:QP61020;0;0;CARO0386
CARO;;CARREAUX POLY 60*60 REF:QP61009;0;0;CARO0387
CARO;;CARREAUX POLY 60*60 REF:CJ61;0;0;CARO0388
CARO;;CARREAUX POLY 60*60 REF:HQP60X0002GC;1;0;CARO0389
CARO;;FAIENCE 25*40 REF:JM44 BLANC A;0;0;CARO0390
CARO;;FAIENCE 25*40 REF:JM44 VERT A;0;0;CARO0391
CARO;;FAIENCE 25*40 REF:2340C;0;0;CARO0392
CARO;;FAIENCE 25*40 REF:WNQ0003-YA;0;0;CARO0393
CARO;;FAIENCE 25*40 REF:2439A;0;0;CARO0394
CARO;;FAIENCE  25*40 REF:2431C ;0;0;CARO0395
CARO;;FAIENCE 25*40 REF:MC002B;0;0;CARO0396
CARO;;FAIENCE 25*40 REF:2430C;0;0;CARO0397
CARO;;FAIENCE 25*40 REF:JM43 LEGRA;0;0;CARO0398
CARO;;FAIENCE 25*40 REF:JM43 BEIGE DECORE;1;0;CARO0399
CARO;;FAIENCE 25*40 REF:JM43 AZUL;0;0;CARO0400
CARO;;FAIENCE 25*40 REF:JM43 BEIGE ;1;0;CARO0401
CARO;;FAIENCE 25*40 REF:JM43 NEGRA C;0;0;CARO0402
CARO;;FAIENCE 25*40 REF:JM43 AZUL C;0;0;CARO0403
CARO;;FAIENCE 25*40 REF:512P;0;0;CARO0404
CARO;;FAIENCE 25*40 REF:509;0;0;CARO0405
CARO;;FAIENCE 25*40 REF:511A;0;0;CARO0406
CARO;;FAIENCE 25*40 REF:JM44 BEIGE A;0;0;CARO0407
CARO;;CHAISE ROUGE EN ALUR;1;0;CARO0408
CARO;;FAIENCE 25*40 REF:JM44 AZUL B;0;0;CARO0409
CARO;;FAIENCE 25*40 REF:JM44 NEGRA B;1;0;CARO0410
CARO;;FAIENCE 25*40 REF:JM44 VERT B;0;0;CARO0411
CARO;;FAIENCE 20*30 REF:1071;1;0;CARO0412
CARO;;FAIENCE 20*30 REF:2056;1;0;CARO0413
CARO;;FAIENCE 20*30 REF:1058;1;0;CARO0414
CARO;;FAIENCE 20*30 REF:1031;1;0;CARO0415
CARO;;FAIENCE 20*30 REF:4003;1;0;CARO0416
CARO;;FAIENCE 20*30 REF:1164;0;0;CARO0417
CARO;;WC GOLF PARMA COMPLET;1;0;CARO0418
CARO;;FAIENCE 20*30 REF:4001;1;0;CARO0419
CARO;;FAIENCE 20*30 REF:1108;1;0;CARO0420
CARO;;FAIENCE 20*30 REF:1003;1;0;CARO0421
CARO;;CARREAUX 40X40 CAP 98401;1;0;CASO0001
CARO;;CARREAUX 40X40 CAP 98404;1;0;CASO0002
CARO;;CARREAUX 40X40 CAP 40012;1;0;CASO0003
CARO;;CARREAUX 30X30 CAP 30012;1;0;CASO0004
CARO;;CARREAUX CAP 40X40 98402B;1;0;CASO0005
CARO;;CARREAUX CAP 40*40 REF 98417B;1;0;CASO0006
CARO;;CARREAUX 30X30 ANTI REF H406;1;0;CASO0007
CARO;;CARREAUX 30X30 REF H302;1;0;CASO0008
CARO;5607B;CARREAUX POLY 50*50 REF 5607B;1;0;CASO0009
CARO;5176B;CARREAUX POLY 50*50 REF 5176;1;0;CASO0010
CARO;;CARREAUX CAP 40X40 REF 98417;1;0;CASO0011
CARO;;CARREAUX CAP 30X30 REF 9817 ;1;0;CASO0012
CARO;;CARREAUX POLY 50X50 REF 5106;1;0;CASO0013
CARO;;CARREAUX CAP 30X30 REF 9804 GRIS (B);1;0;CASO0014
CARO;;CARREAUX CAP 30X30 REF 98304;1;0;CASO0015
CARO;;CARREAUX CAP 30X30 REF 98301E;1;0;CASO0016
CARO;;CARREAUX 30X30 A-D GRIS REF D801V ;1;0;CASO0017
CARO;;CARREAUX 30X30 ANTI REF H502V;1;0;CASO0018
CARO;;CARREAUX 30X30 A-D REF H602V;1;0;CASO0019
CARO;;CARREAUX 30X30 ANTI REF 3331V;1;0;CASO0020
CARO;;ARREAUX 30X30 ANTI REF 3231V;1;0;CASO0021
CARO;;CARREAUX 30X30 ANTI REF H702V;1;0;CASO0022
CARO;;CARREAUX 30X30 BERGE VERNISE REF HA302E;1;0;CASO0023
CARO;;CARREAUX 30X30 GRIS VERNIS REF HA301E ;1;0;CASO0024
CARO;;CARREAUX POLY 50X50 REF 5118;1;0;CASO0025
CARO;;CARREAUX POLY 50X50 REF 5228;1;0;CASO0026
CARO;;CARREAUX 30X30 A-D REF H202;1;0;CASO0028
CARO;;CARREAUX 30X30 A-D REF H203;1;0;CASO0029
CARO;;CARREAUX POLY 50X50 REF PGS 55020C;1;0;CASO0030
CARO;;CARREAUX POLY 50X50 REF PGS 55009C;1;0;CASO0031
CARO;;CARREAUX POLY 50X50 REF PGS 55016C;1;0;CASO0032
CARO;;CARREAUX POLY 50X50 REF PGS 55007C;1;0;CASO0033
CARO;;CARREAUX CAP 40X40 REF 98408;1;0;CASO0034
CARO;;CARREAUX 30X30 ROSE VERNISE REF HA303E ;1;0;CASO0035
CARO;;CARREAUX POLY 50X50 REF PGS 55008C;1;0;CASO0036
CARO;;CARREAUX POLY 50X50 REF PGS 55033C;1;0;CASO0037
CARO;;CARREAUX SOL 40X40 REF 40001;1;0;CASO0038
CARO;;CARREAUX SOL 40X40 REF 4101;1;0;CASO0039
CARO;;CARREAUX SOL 40X40 REF 4019;1;0;CASO0040
CARO;;CARREAUX SOL 40X40 REF 40016C;1;0;CASO0041
CARO;;CARREAUX POLY 50X50 REF PGS 55222C;1;0;CASO0042
CARO;;CARREAUX SOL 40X40 REF 40125;1;0;CASO0043
CARO;;CARREAUX SOL 40X40 REF 40027C;1;0;CASO0044
CARO;;CARREAUX SOL 40X40 REF 4102;1;0;CASO0045
CARO;;CARREAUX POLI 60X60 REF YMP66444G;1;0;CASO0046
CARO;;CARREAUX POLI 60X60 REF YMP66103G;1;0;CASO0047
CARO;;CARREAUX POLI 60X60 REF YMP66614G;1;0;CASO0048
CARO;;CARREAUX POLI 60X60 REF YMP66623G;1;0;CASO0049
CARO;;CARREAUX SOL 40X40 REF F42021;1;0;CASO0050
CARO;;CARREAUX SOL 40X40 REF 401;1;0;CASO0051
CARO;;CARREAUX SOL 40X40 REF 402;1;0;CASO0052
CARO;;CARREAUX SOL 40X40 REF 403;1;0;CASO0053
CARO;;CARREAUX SOL 40X40 MONOCUSSON REF 4012;1;0;CASO0054
CARO;;CARREAUX SOL 40X40 REF V4131;1;0;CASO0055
CARO;;CARREAUX SOL 40X40 REF V4135;1;0;CASO0056
CARO;;CARREAUX SOL 40X40 REF 4021;1;0;CASO0057
CARO;;CARREAUX SOL 40X40 REF f42026;1;0;CASO0058
CARO;;CARREAUX SOL 60X60 MATE REF F62011;1;0;CASO0059
CARO;;CARREAUX SOL 60X60 REF 66086E;1;0;CASO0060
CARO;;CARREAUX SOL 60X60 REF 66020E;1;0;CASO0061
CARO;;CARREAUX SOL 60X60 REF 66019D;1;0;CASO0062
CARO;;CARREAUX SOL 60X60 REF 66018E;1;0;CASO0064
CARO;;CARREAUX POLI 60X60 REF F60159;1;0;CASO0065
CARO;;CARREAUX POLI 60X60 REF F60158;1;0;CASO0066
CARO;;CARREAUX POLI 60X60 REF F60160;1;0;CASO0067
CARO;;CARREAUX 30X30 A-D REF NM33041G;1;0;CASO0068
CARO;;CARREAUX 30X30 A-D REF NM33043;1;0;CASO0069
CARO;;CARREAUX 30X30 A-D REF NM33045G;1;0;CASO0070
CARO;;CARREAUX 30X30 A-D REF NM33103G;1;0;CASO0071
CARO;;CARREAUX 30X30 A-D REF NM33105G;1;0;CASO0072
CARO;;CARREAUX 30X30 A-D REF NM33055G;1;0;CASO0073
CARO;;CARREAUX 30X30 A-D REF NM33095G;1;0;CASO0074
CARO;;CARREAUX 30X30 A-D REF NM33093G;1;0;CASO0075
CARO;;CARREAUX 30X30 A-D REF NM33091G;1;0;CASO0076
CARO;;CARREAUX SOL 40X40 REF 405;1;0;CASO0077
CARO;;CARREAUX CAP 30X30 REF 9804b;1;0;CASO0078
CARO;;CARREAUX CAP 30X30 REF 3007;1;0;CASO0079
CARO;;CARREAUX CAP 30X30 REF GK5005;1;0;CASO0080
CARO;;CARREAUX CAP 30X30 REF PO2;1;0;CASO0081
CARO;;CARREAUX CAP 30X30 REF 306;1;0;CASO0082
CARO;;CARREAUX CAP 30X30 REF 306b;1;0;CASO0083
CARO;;CARREAUX CAP 30X30 REF PO2b;1;0;CASO0084
CARO;;CARREAUX CAP 30X30 REF 3007b;1;0;CASO0085
CARO;;CARREAUX 40*40 REF V4104;1;0;CASO0086
CARO;;CARREAUX 40*40 REF V4115;1;0;CASO0087
CARO;;CARREAUX SOL 40X40 REF 40023C;1;0;CASO0088
CARO;;CARREAUX SOL 40X40 REF V4106;1;0;CASO0089
CARO;;CARREAUX SOL 40X40 REF V4126;1;0;CASO0090
CARO;;CARREAUX SOL 40X40 REF V4107;1;0;CASO0091
CARO;;CAREEAUX 60X60 REF 66PM002;1;0;CASO0092
CARO;;CAREEAUX 60X60 REF VPM008;1;0;CASO0093
CARO;;CAREEAUX 60X60 REF66PM003;1;0;CASO0094
CARO;;CAREEAUX 60X60 REF66PM007;1;0;CASO0095
CARO;;CAREEAUX SOL 40X40 REF44PM0036;1;0;CASO0096
CARO;;CARREAUX POLI 50*50 REF 5210B;1;0;CASO0097
CARO;;CARREAUX POLY 60*60 REF: 66073E;1;0;CASO0098
CARO;;CARREAUX POLY 60*60 REF VPM019;1;0;CASO0099
CARO;;CARREAUX POLY 60*60 REF VPM022;1;0;CASO0100
CARO;;CARREAUX POLY 60*60 REF VPM013;1;0;CASO0101
CARO;;CARREAUX SOL 60X60 NG REF VPM022;1;0;CASO0102
CARO;;CARREAUX SOL 30X30 REF W301P;1;0;CASO0103
CARO;;CARREAUX SOL 30X30 NG REF 3001EP ;1;0;CASO0104
CARO;;CARREAUX SOL 40X40 NG REF 4005EGV;1;0;CASO0105
CARO;..;CARREAUX SOL 30X30 REF 3010DP;1;0;CASO0106
CARO;;CARREAUX 30X30 A-D ROSE REF D8011;1;0;CASO0107
CARO;;CARREAUX 40*40 ''SANS REF'';1;0;CASO0108
CARO;;CARREAUX 40*40 REF V4103;1;0;CASO0109
CARO;;CARREAUX 20*60 GRES MARRON BOISE;1;0;CASO0110
CARO;;CARREAUX 20*60 GRES BOISE GRIS FONCE;1;0;CASO0111
CARO;;CARREAUX 50X50 POLY REF 5177B;1;0;CASO0112
CARO;;CARREAUX POLY 60*60 REF 6001;1;0;CASO0113
CARO;;CARREAUX 60*60 MATE REF F62026;1;0;CASO0114
CARO;;CARREAUX POLY 60*60 REF YMP66128G;1;0;CASO0115
CARO;;CARREAUX POLY 60*60 REF YMP66111G;1;0;CASO0116
CARO;;CARREAUX POLY 60*60 REF YMP66993G;1;0;CASO0117
CARO;;CARREAUX 40*40 REF FGP44213G;1;0;CASO0118
CARO;;CARREAUX 40*40 REF FGH44013G;1;0;CASO0119
CARO;;CARREAUX 40*40 REF YMG4404G;1;0;CASO0120
CARO;;CARREAUX 40*40 REF YMG4409G;1;0;CASO0121
CARO;;CARREAUX 40*40 REF YMG44011G;1;0;CASO0122
CHME;-;TOLE BAC ALUMINIUM 0.60MM EP STD;1;0;CHCH0001
CHME;;TOLE DDS 0.14MM VERTE LAQUEE;1;0;CHCH0002
CHME;;TOLE DDS 0.14MM VERTE CITRON LAQUEE;1;0;CHCH0003
CHME;;TOLE GKS 0.14MM VERTE LAQUEE;1;0;CHCH0004
CHME;;TOLE GKS 0.14MM VERTE CITRON LAQUEE;1;0;CHCH0005
CHME;;VERROU M070 331 HONNEST;1;0;CHCH0006
CHME;;ISOREL SIMPLE NON EPAIS AVARIE;1;0;CHCH0007
CHME;;FERTIAIRE MALE A;1;0;CHCH0008
CHME;;FERTIAIRE FEMELLE B;1;0;CHCH0009
CHME;;TOLE BAC ALU LISSE 0.14 GKS BLEU;1;0;CHCH0010
CHME;;TOLE BAC ALU LISSE 0.14 VERT;1;0;CHCH0011
CHME;;TOLE BAC ALU 0.17 2M/1 VERT FONCE GRANULE;1;0;CHCH0012
CHME;;TOLE BAC ALU 0.17 GKS VERT GRANULE;1;0;CHCH0013
CHME;;TOLE BAC ALU 0.17 GKS BLEU GRANULE;1;0;CHCH0014
CHME;;TOLE KGC 0.15 BLEUE;1;0;CHCH0015
CHME;;SAND PAPER ABRO HIGH QUALITY SUPER DURABLE GRIT N°60;1;0;CHCH0016
CHME;;SAND PAPER ABRO HIGH QUALITY SUPER DURABLE GRIT N°320;1;0;CHCH0017
CHME;;SAND PAPER ABRO HIGH QUALITY SUPER DURABLE GRIT N°1200;1;0;CHCH0018
CHME;;TOLE BAC ALU 0.14 GKS BLEU LISSE;1;0;CHCH0019
CHME;;TOLE BAC ALU 0.14 GKS LISSE BLEUE NUIT;1;0;CHCH0020
CHME;;TOLE BAC ALU 0.15 GKS BLEU GRANULEE;1;0;CHCH0021
CHME;;TOLE BAC ALU 0.14 GKS VERT LISSE;1;0;CHCH0022
CHME;;TOLE BAC ALU ONDILINE 0.14 2M/90CM LISSE GKS VERT;1;0;CHCH0023
CHME;;TOLE BAC ALU ONDILINE 0.15 2M/90CM LISSE GKS BLEU;1;0;CHCH0024
CHME;;TOLE BAC ALU GKS 0.17 2M/01 VERT ;1;0;CHCH0025
CHME;;TOLE BAC ALU GKS 0.17 2M/01 BLEU;1;0;CHCH0026
CHME;;TOLE BAC ALU 0.14 GKS 2M/90CM BLEU NUIT LISSE ;1;0;CHCH0027
CHME;;TOLE BAC ALU 0.15 GKS VERT GRANULEE;1;0;CHCH0028
CHME;;TOLE BAC ALU JMM 0.17 VERT 2M/90CM COURTE;1;0;CHCH0029
CHME;;TOLE BAC ALU 0.14 GKS BLEU NUIT ;1;0;CHCH0030
CHME;;TOLE BAC ALU 0.14 JMM VERT;1;0;CHCH0031
CHME;;TOLE BAC ALU 0,15 TCHIGAN SIAB BLEU LISSE;1;0;CHCH0032
CHME;;TOLE BAC ALU 0,15 TCHIGAN SIAB ROUGE LISSE;1;0;CHCH0033
CHME;;TOLE BAC ALU0,15 TCHIGAN SIAB BLEU GRANULEE;1;0;CHCH0034
CHME;;TOLE BAC ALU 0,15 TCHIGAN SIAB ORANGE GRANULEE;1;0;CHCH0035
CHME;;TOLE BAC ALU 0.14 GKS VERT CITRON LISSE ;1;0;CHCH0036
CHME;;TOLE BAC ALU 0.14 GKS ROUGE LISSE ;1;0;CHCH0037
CHME;;CYLINDRE EN LAITON PARFAIT REF 70MM-2;1;0;CHCH0038
CHME;;CYLINDRE EN LAITON PARFAIT LUBRIFIANT ''GANTIE 10 ANS'';1;0;CHCH0039
CHME;;TOLE NOIRES DE 15 + EPAIS;1;0;CHCH0040
CHME;;CONTRE PLAQUE DE 04MM AVARIE;1;0;CHCH0041
CHME;;CONTRE PLAQUET DE 10 GHANA / COTE D'IVOIR AVARIE;1;0;CHCH0042
CHME;;TOLE BAC ALU JMM 0.14MM 0.9X2M VERTE GRANULE;1;0;CHCH0043
CHME;;POINTE GALVANISE CARTON DE 8PQTS 2.0KG;1;0;CHCH0044
CHME;;TOLE BAC ALU DDS 0.14MM BLEU GRANULE;1;0;CHCH0045
CHME;;TOLE DIAMOND 0.15 GALVA;1;0;CHCH0046
CHME;;TOLE BAC ALU 0,14 TCHIGAN SIAB ROUGE GRANULEE;1;0;CHCH0047
CHME;;TOLE BAC ALU 0,14 TCHIGAN SIAB BLEU GRANULEE;1;0;CHCH0048
CHME;;TOLE BAC ALU 0,15 TCHIGAN SIAB VERTE FONCEE GRANULEE;1;0;CHCH0049
CHME;;TOLE BAC ALU 0,15 SIAB PRELAQUEE ROUGE GRANULEE;1;0;CHCH0050
CHME;;TOLE BAC ALU 0.14 JMM VERTE GRANULEE;1;0;CHCH0051
CHME;;TOLE JMM BAC ALU 0.25 BLEU LISSE LONG ;1;0;CHCH0052
CHME;;ISOREL DECORE MARBRE;1;0;CHCH0053
CHME;;ISOREL DECORE ROSE FLEURIE;1;0;CHCH0054
CHME;;ISOREL DECORE BLEU CLAIRE FLEURIE;1;0;CHCH0055
CHME;;FAUX PLAFOND COMPLET DE 60/60;1;0;CHCH0056
CHME;;TOLE BAC ALU 0.14 JMM BLEU GRANULEE;1;0;CHCH0057
CHME;;TOLE BAC ALU 0.23 V.K. STAR;1;0;CHCH0058
CHME;;TULE SANS AMIANTE EPAIS DE 6MM;1;0;CHCH0059
CHME;;TULE SANS AMIANTE DE 4.2MM;1;0;CHCH0060
CHME;;FIL DE FER MOU;1;0;CHCH0061
CHME;;TOLE BAC ALU 0.17 ABS ROUGE GRANULEE;1;0;CHCH0062
CHME;;TOLE BAC ALU 0.17 ABS BLEUE GRANULEE;1;0;CHCH0063
CHME;;TOLE BAC ALU 0.17 ABS VERTE GRANULEE;1;0;CHCH0064
CHME;;TOLE BAC ALU 0.23 JMM VERTE;1;0;CHCH0065
CHME;;TOLE GALVANISE GKS 0.15 MM;1;0;CHCH0066
CHME;;TOLE SIAB 0.14 BLEUE GRANULEE;1;0;CHCH0067
CHME;;TOLE SIAB 0.14 VERTE GRANULEE;1;0;CHCH0068
CHME;;TOLE BLANC WEST HILL GALVANISEE;1;0;CHCH0069
CHME;;TOLE BAC ALU 0.14 JMM BLEU ;1;0;CHCH0070
CHME;;TOLE BAC ALU 0.14 GKS CENDRE LISSE;1;0;CHCH0071
CHME;;BAC ALU 0.32 FORM BAC COULEUR BLEU;1;0;CHCH0072
CHME;;BAC ACIER 0.32 FORM BAC COULEUR BLEU;1;0;CHCH0073
CHME;;FEUILLE DE FERTIERE BAC ALU 2M;1;0;CHCH0074
CHME;TOL;TOLE BACS PRELAQUE ALU LISSE 0.32 MM BLEU;1;0;CHCH0075
CHME;;TOLE BAC ALU 0.14 GKS VERT GRANULEE;1;0;CHCH0076
CHME;;TOLE BAC ALU 0.14 GKS BLEU GRANULEE;1;0;CHCH0077
CHME;;POINTE ACIER DE 10;1;0;CHCH0078
CHME;;TOLE BAC ALU MIMA 0.14 BLEUE GRANULEE;1;0;CHCH0079
CHME;;TOLE BAC ALU MIMA 0.17 BLEUE GRANULEE;1;0;CHCH0080
CHME;;POINTE ORDINAIRE DE 08MM SBS;1;0;CHCH0081
CHME;;TOLE BAC ALU MIMA 0.14 VERTE GRANULEE;1;0;CHCH0082
CHME;;CONTRE PLAQUE DE 04MM CHINE  ;1;0;CHCH0083
CHME;;TOLE TRANSPARANTE;0;0;CHME0001
CHME;;POINTE ORDINAIRE DE 4;1;0;CHME0002
CHME;;POINTE ORDINAIRE DE 7;1;0;CHME0003
CHME;;POINTE ORDINAIRE DE 8;1;0;CHME0004
CHME;;POINTE ORDINAIRE DE 10;1;0;CHME0005
CHME;;POINTE ORDINAIRE DE 12;1;0;CHME0006
CHME;;POINTE ORDINAIRE DE 15;1;0;CHME0007
CHME;;POINTE ACIER DE 6;0;0;CHME0008
CHME;;POINTE ACIER DE 8;0;0;CHME0009
CHME;;POINTE ORDINAIRE DE 6;1;0;CHME0010
CHME;;CONTRE PLAQUET DE 4 GHANA / COTE D'IVOIRE;1;0;CHME0011
CHME;;CONTRE PLAQUET DE 8 GHANA / COTE D'IVOIR;0;0;CHME0012
CHME;;CONTRE PLAQUET DE 12 GHANA / COTE D'IVOIR;0;0;CHME0013
CHME;;CONTRE PLAQUET DE 15 GHANA / COTE D'IVOIR;0;0;CHME0014
CHME;;CONTRE PLAQUET DE 18 GHANA / COTE D'IVOIR;0;0;CHME0015
CHME;;CONTRE PLAQUET DE 20 GHANA / COTE D'IVOIR;0;0;CHME0016
CHME;;CONTRE PLAQUET DE 10 GHANA / COTE D'IVOIR;0;0;CHME0017
CHME;;ISOREL SIMPLE N-EPAIS;0;0;CHME0018
CHME;;ISOREL DOUBLE FACE;0;0;CHME0019
CHME;;ISOREL DECORE BLEU;0;0;CHME0020
CHME;;ISOREL DECORE VERT CLAIRE;0;0;CHME0021
CHME;;ISOREL DECORE VERT;0;0;CHME0022
CHME;;ISOREL DECORE BEIGE;0;0;CHME0023
CHME;;FERTIERE ;0;0;CHME0024
CHME;;ISOREL DECORE BLANC;0;0;CHME0025
CHME;;ISOREL DECORE ROSE ;0;0;CHME0026
CHME;;TOLE DDS 0.14 ORDINAIRE;1;0;CHME0027
CHME;;TOLE GALVANISE GKS 0.14 BLANC ;0;0;CHME0028
CHME;;TOLE GKS 0.16 BLEU LAQUEE;0;0;CHME0029
CHME;;MACHETTE N:16 REF:AI03521;1;0;CHME0030
CHME;;TOP BOND 1KG;0;0;CHME0031
CHME;;TOP BOND 1/2KG;0;0;CHME0032
CHME;;TENAIL LAPIN SANTO PLUS N-9 REF:AAP1406;1;0;CHME0033
CHME;;TENAIL LAPIN SANTO PLUS N-10 REF:AAP1407;1;0;CHME0034
CHME;;TENAIL ACIER N-10;0;0;CHME0035
CHME;;PAPIER VERT ALUMINIUM OXIDE -60 NEW;1;0;CHME0036
CHME;;PAPIER VERT ALUMINIUM OXIDE -80 NEW;1;0;CHME0037
CHME;;PAPIER VERT ALUMINIUM OXIDE -120 NEW;1;0;CHME0038
CHME;;GRILLAGE POULALLE 1M -1DOIGT;0;0;CHME0039
CHME;;GRILLAGE POULALLE 1M-2DOIGTS;0;0;CHME0040
CHME;;GRILLAGE TAMIS 1M;0;0;CHME0041
CHME;;GRILLAGE TAMIS 1.20M;0;0;CHME0042
CHME;;GRILLAGE MOUSTIQUE ;0;0;CHME0043
CHME;;MARTEAU A BOIS 2KG;0;0;CHME0044
CHME;;MARTEAU A BOIS 1KG;0;0;CHME0045
CHME;;MARTEAU A BOIS 1.5KG;0;0;CHME0046
CHME;;MARTEAU EN PLASTIC 2KG;0;0;CHME0047
CHME;;MARTEAU EN PLASTIC 1KG;0;0;CHME0048
CHME;;MARTEAU EN PLASTIC 1.5KG;0;0;CHME0049
CHME;;MARTEAU ARRACHE ECLOU GRAND;0;0;CHME0050
CHME;;MARTEAU ARRACHE ECLOU PETIT;0;0;CHME0051
CHME;;MARTEAU 300G EN PLASTIC;0;0;CHME0052
CHME;;MARTEAU 300G A BOIS;0;0;CHME0053
CHME;;POINTE GALVANISE GKS;0;0;CHME0054
CHME;;POINTE ORDINAIRE DE 5;1;0;CHME0055
CHME;;TULE;0;0;CHME0056
CHME;;  TOLE BAQUE ALLU;0;0;CHME0057
CHME;;TOLE ALLU ABS 0.14MM;0;0;CHME0058
CHME;;FIL DE FER GALVA N-17;0;0;CHME0059
CHME;;PAUMELLE A BAGUE DE 140;0;0;CHME0060
CHME;;BOIS DE TECK;0;0;CHME0061
CHME;;CYLINDRE GUYANA;0;0;CHME0062
CHME;;CYLINDRE MASTRO;0;0;CHME0063
CHME;;CYLINDRE LINCE C2;0;0;CHME0064
CHME;;VACHETTE ORIGINALE DE 80;0;0;CHME0065
CHME;;VACHETTE ORIGINALE DE 75;0;0;CHME0066
CHME;;CYLINDRE LAPERCHE ;0;0;CHME0067
CHME;;CYLINDRE BUTUC UNIC CHEIE;0;0;CHME0068
CHME;;CYLINDRE MSM;0;0;CHME0069
CHME;;CYLINDRE EUSAM;0;0;CHME0070
CHME;;SCIE -SANDFLEX METAL 300MM;0;0;CHME0071
CHME;;CADNA A TIGE;0;0;CHME0072
CHME;;PAUMELLE A BAGUE DE 160;0;0;CHME0073
CHME;;PAUMELLE A BAGUE DE 95;0;0;CHME0074
CHME;;PAUMELLE A BAGUE DE 80;0;0;CHME0075
CHME;;TIRE FOND;0;0;CHME0076
CHME;;POINTE ORDINAIRE DE 4;1;0;CHME0077
CHME;;FON GOUTIERE;0;0;CHME0078
CHME;;NAISSANCE REF 707;0;0;CHME0079
CHME;;FON NAISSANCE ;0;0;CHME0080
CHME;;TOLE COLOR BLEU 0.20X895X2000 MMP;0;0;CHME0081
CHME;;TOLE COLOR VERT 0.20X895X2000 MMP;0;0;CHME0082
CHME;;POINTE GALVANISE REHMAT;0;0;CHME0083
CHME;;TOLE COLOR ROUGE 0.20X895X2000 MMP;0;0;CHME0084
CHME;;TUILE SANS AMIANTE EPAIS;0;0;CHME0085
CHME;;TOLE GKS 0.16MM VERT CITRON LAQUEE;0;0;CHME0086
CHME;;TOLE GKS 0.14MM BLEU LAQUEE;0;0;CHME0087
CHME;;POINTE ORDINAIRE DE 3;1;0;CHME0088
CHME;;TOLE GKS 0.17MM BLEU LAQUEE;0;0;CHME0089
CHME;;PISTOLE DE 4 IRONTONER BOLTS;0;0;CHME0090
CHME;;PASSE ALLURE;0;0;CHME0091
CHME;;TOLE TMM 0.14 ;0;0;CHME0092
CHME;;TOLE DDS 0.14MM LAQUEE BLEU;0;0;CHME0093
CHME;;GRILLAGE POULAILLE 1.20M 1DOIGT;0;0;CHME0094
CHME;;TOLE BAC ALU O.14MM GKS BLEU;0;0;CHME0095
CHME;;TOLE BAC ALU 0.14MM GKS VERT;0;0;CHME0096
CHME;;TOLE BAC ALU 0.17MM GKS 2M/1M BLEU;1;0;CHME0097
CHME;;TOLE BAC ALU 0.17MM GKS 2M/1M VERT;1;0;CHME0098
CHME;;FIL DE FER GALVANISE N-13;0;0;CHME0099
CHME;;TOP BOND 5KG;0;0;CHME0100
CHME;;TOLE TUILE VERTE-FONCEE 950X0.50MM EN 3.60M ;0;0;CHME0101
CHME;;TOLE TUILE VERTE-FONCEE 950X0.50MM EN 4.50M;0;0;CHME0102
CHME;;FAITIERES VERT-FONCEE 200X200X0.50MM SANS ENTAILLES;0;0;CHME0103
CHME;;DECAMETRE DE 100M;0;0;CHME0104
CHME;;DECAMETRE DE 50M;0;0;CHME0105
CHME;;FIL DE FER GALVA ORDINAIRE ;0;0;CHME0106
CHME;;RONDELLE BITUMEE;0;0;CHME0107
CHME;;TOLE BAC ALU LISSE 0.17 GKS BLEU NUIT ;0;0;CHME0108
CHME;;TOLE BAC ALU LISSE 0.17 GKS VERT CITRON ;0;0;CHME0109
CHME;;TOLE BAC ALU LISSE 0.17 GKS ROUGE PURE ;0;0;CHME0110
CHME;;TOLE GKS 0.14 OR LAQUEE;0;0;CHME0111
CHME;;TOLE BAC ALU O.14MM GKS ROUGE;0;0;CHME0112
CHME;;TOLE BAC ALU O.14MM GKS ROUGE AU VIN;0;0;CHME0113
CHME;;POINTE GALVANISE CARTON DE 8PQTS 2.5KG ROOFING NAILS;1;0;CHME0114
CHME;;POINTE GALVANISE CARTON DE 8PQTS 3.125KG ROOFING NAILS;1;0;CHME0115
CHME;;TOLE LAQUEE JMM 0.14;0;0;CHME0116
CHME;;TOLE BAC ALU GKS 0.17MM VERT CITRON DE 2/1 METTRE;1;0;CHME0117
CHME;;TOLE GKS 0.14MM VERT LAQUEE ;0;0;CHME0118
CHME;;TOLE LAQUEE JMM 0.14 VERTE;0;0;CHME0119
CHME;;TOLE LAQUEE JMM 0.14 BLEUE ;0;0;CHME0120
CHME;;POINTE AVARIE GALVANISE ROOFING NAIL SIZE 9BWG-2.5INCH 3.125KG;0;0;CHME0121
CHME;;VERROU HONNEST 458-01MS;1;0;CHME0122
CHME;;VERROU HONNEST 458D-03MS;1;0;CHME0123
CHME;;VERROU HONNEST 458-03MS;1;0;CHME0124
CHME;;TENAIL LAPIN SANTO PLUS N:8 REF:AAP1405;0;0;CHME0125
CHME;;TOLE BAC ALU JMM 0.17 LONGUE VERTE 2.5/90;1;0;CHME0126
CHME;;TOLE BAC ALU JMM 0.17 LONGUE BLEUE 2.5/90;1;0;CHME0127
CHME;;TOLE BAC ALU JMM 0.17 COURTE VERTE 2/90;1;0;CHME0128
CHME;;TOLE BAC ALU JMM 0.17 BLEUE COURTE 2/90;1;0;CHME0129
CHME;;TOLE BAC ALU JMM 0.17 VERTE CITRON  2/1;1;0;CHME0130
CHME;;TOLE BAC ALLU JMM 0.17 BLEU;0;0;CHME0131
CHME;;MATEAUX ARRACHE-CLOU.REF:16-OZ;1;0;CHME0132
CHME;;MARTEAUX ARRACHE-CLOU REF/16-OZ;0;0;CHME0133
CHME;;MARTEAUX ARRACHE-CLOU REF:12-OZ;0;0;CHME0134
CHME;;ISOREL DOUBLE FACE AVARIE;0;0;CHME0135
CHME;;POINTE ROOFING GALVANISE EN CARTON DE 15KG;0;0;CHME0136
DIV;;COUTEAUX ATLAS 18MM;1;0;DIDI0001
DIV;;BALANCE HONEST 20KG ;1;0;DIDI0002
DIV;;BALANCE CAMRY DE 50KG REF BALAN 0022;1;0;DIDI0003
DIV;;BALANCE CAMRY 20KG REF BALAN004;1;0;DIDI0004
DIV;C12200;TUYAUX CUIVRE 12*0.7*45M C12200 STANDARD ASTM B280;1;0;DIDI0005
DIV;;TUYAUX CUIVRE 5*8;1;0;DIDI0006
DIV;;BALANCE CAMRY 50KG REF BALA0022;1;0;DIDI0007
DIV;;ECRAN HD LED SMART TV 42'' MARQ: SAMSUNG;1;0;DIDI0008
DIV;;CISEAUX A TOLE N*12;1;0;DIDI0009
DIV;;CISEAUX A TOLE N*10;1;0;DIDI0010
DIV;;MASQUE A TROIS PLI;1;0;DIDI0011
DIV;;MASQUE CANARD;1;0;DIDI0013
DIV;;PAPIER HYGIENIQUE YOU AND ME;1;0;DIDI0014
DIV;;SCORTCH;0;0;DIV00001
DIV;;PAPIER HYGIENIQUE CONFORT;0;0;DIV00002
DIV;;PAPIER HYGIENIQUE BABY LOVE;0;0;DIV00003
DIV;;PAPIER HYGIENIQUE LILAC;0;0;DIV00004
DIV;;PAPIER HYGIENIQUE TANBO;0;0;DIV00005
DIV;;BROSSE A BOIS;0;0;DIV00006
DIV;;PAPIER HYGIENIQUE KADIJA;0;0;DIV00007
DIV;;COUCHES 1;0;0;DIV00008
DIV;;COUCHES 2;0;0;DIV00009
DIV;;COUCHES 3;0;0;DIV00010
DIV;;PAPIER TORCHON;0;0;DIV00011
DIV;;PAPIER MOUCHOIRE;0;0;DIV00012
DIV;;DOUILLE NIVERSELLE SIMPLE;0;0;DIV00013
DIV;;COUCHE 1 PETIT;0;0;DIV00014
DIV;;PAPIER MOUCHOIRE PETIT;0;0;DIV00015
DIV;;BOTTE;0;0;DIV00016
DIV;;LAME DE SCIE;0;0;DIV00017
DIV;;BARBELES DE 6KG;0;0;DIV00018
DIV;;RATEAUX DE 12 DENTS;0;0;DIV00019
DIV;;RATEAUX 14 DENTS;0;0;DIV00020
DIV;;ROULEAUX DE BARBELES PETIT;0;0;DIV00021
DIV;;ROULEAUX DE BARBELES GRAND;0;0;DIV00022
DIV;;BRULEUR GASPOWER;0;0;DIV00023
DIV;;SCORTCH N2 EN UNITE;0;0;DIV00024
DIV;;PAPIER HYGIENIQUE XI DIAN;1;0;DIV00025
ELEC;;FIL TH 1.5MM 80M VERT JAUNE LCS;0;0;ELEC0001
ELEC;;FIL TH 1.5MM 80M NOIR LCS;0;0;ELEC0002
ELEC;;FIL TH 1.5MM 80M MARRON LCS;0;0;ELEC0003
ELEC;;FIL TH 1.5MM 80M ROUGE LCS;0;0;ELEC0004
ELEC;;FIL TH 1.5MM 80M BLEU LCS;0;0;ELEC0005
ELEC;;FIL TH 2.5MM 80M BLEU LCS;0;0;ELEC0006
ELEC;;FIL TH 2.5MM 80M ROUGE LCS;0;0;ELEC0007
ELEC;;FIL TH 2.5MM 80M NOIR LCS;0;0;ELEC0008
ELEC;;FIL TH 2.5MM 80M VERT JAUNE LCS;0;0;ELEC0009
ELEC;;FIL TH 2.5MM 80M MARRON LCS;0;0;ELEC0010
ELEC;;VICE A BOIS DE 8;0;0;ELEC0011
ELEC;;TUBE ORANGE DE 11;0;0;ELEC0012
ELEC;;TUBE ORANGE DE 13;0;0;ELEC0013
ELEC;;TUBE ORANGE DE 21;0;0;ELEC0014
ELEC;;FIL TH 4MM 80M BLEU LCS;0;0;ELEC0015
ELEC;;FIL TH 6MM 80M BLEU LCS;0;0;ELEC0016
ELEC;;FIL TELEVISION;0;0;ELEC0017
ELEC;;BOITIE CARRE;0;0;ELEC0018
ELEC;;BOITIE ROND;0;0;ELEC0019
ELEC;;BOITE ETHANCHE 180X130 INGELEC;0;0;ELEC0020
ELEC;;BOITE ETHANCHE 240X180X180 INGELEC;0;0;ELEC0021
ELEC;;BOITE ETHANCHE 330X220 INGELEC;0;0;ELEC0022
ELEC;;COFFRET DE 32 MODUILE;0;0;ELEC0023
ELEC;;PRISE TELEVISION ;0;0;ELEC0024
ELEC;;CACHE BOITIE;0;0;ELEC0025
ELEC;;AMPOULE LED VEILLEUSE 1W;1;0;ELEC0026
ELEC;;CAGE FILTRE;0;0;ELEC0027
ELEC;;BARRETTE DE COUPURE;0;0;ELEC0028
ELEC;;INTER S A GRIS KENZI INGELEC;0;0;ELEC0029
ELEC;;INTER VA ET VIENT GRIS KENZI INGELEC;0;0;ELEC0030
ELEC;5512/20G;INTER DOUBLE VA ET VIENT GRIS KENZI INGELEC;0;0;ELEC0031
ELEC;5501/03G;BOUTON POUSSOIR LUMINEUX GRIS KENZI INGELEC;0;0;ELEC0032
ELEC;4506M;PRISE COURANT 2P+T MARRON KENZI INGELEC;0;0;ELEC0033
ELEC;;CHEVILLE PVC 8MM INGELEC;0;0;ELEC0034
ELEC;;BOITE ETCHE 180X140 INGELEC;0;0;ELEC0035
ELEC;;BOITE ETCHE 100X100X30MM INGELEC;0;0;ELEC0036
ELEC;;COFFRET ENCASTRE 13MOD PORTE FUMEE;0;0;ELEC0037
ELEC;4506G;PRISE COURANT 2P+T GRIS KENZI INGELEC;0;0;ELEC0038
ELEC;4507G;PRISE TV GRIS KENZI INGELEC;0;0;ELEC0039
ELEC;5221/10;INTERRUPTEUR IVOIRE TICHKA 2 INGELEC;0;0;ELEC0040
ELEC;5221/20;INTER VA ET VIENT TICHKA 2 INGELEC;0;0;ELEC0041
ELEC;5511/10M;INTER S A MARRON KENZI INGELEC;0;0;ELEC0042
ELEC;5511/20M;INTER VA ET VIENT MARRON KENZI INGELEC;0;0;ELEC0043
ELEC;5512/20M;INTER DOUBLE VA ET VIENT MARRON KENZI INGELEC;0;0;ELEC0044
ELEC;4507M;PRISE TV MARRON KENZI INGELEC;0;0;ELEC0045
ELEC;5501/03M;BOUTON POUSSOIR LUMINEUX MARRON KENZI INGELEC;0;0;ELEC0046
ELEC;5222/20;INTER DOUBLE VA ET VIENT IVOIRE TICHKA 2 INGELEC;0;0;ELEC0047
ELEC;4223S;PRISE 2P IVOIRE TICHKA 2 INGELEC;0;0;ELEC0048
ELEC;4226S;PRISE 2P+T IVOIRE TICHKA 2 INGELEC;0;0;ELEC0049
ELEC;5221/03;POUSSOIR LUMINEUX ROND IVOIRE TICHKA 2 INGELEC;0;0;ELEC0050
ELEC;ING6321;CARILLON 2 TONS INGELEC;0;0;ELEC0051
ELEC;;MAGIA N-1;0;0;ELEC0052
ELEC;;MAGIA N-2;0;0;ELEC0053
ELEC;;ROULEAUX DE CABLE TV;0;0;ELEC0054
ELEC;;AMPOULE AMADZA LEAD 5W;0;0;ELEC0055
ELEC;;AMPOULE AMADZA LEAD 9W E27;0;0;ELEC0056
ELEC;;DOUILLE INCLINEE INTELECTUELLE;0;0;ELEC0057
ELEC;;DOUILLE INCLINEE INTELECTUELLE E27;0;0;ELEC0058
ELEC;;DOUILLE DROIT INTELECTUELLE ;0;0;ELEC0059
ELEC;;DOUILLE DROIT INTELECTUELLE E27;0;0;ELEC0060
ELEC;;CABLE TV RGB NOIR 100METRES INGELEC;0;0;ELEC0061
ELEC;;COFFRET ENCASTRE 26 MOD PORTE FUMEE INGELEC;0;0;ELEC0062
ELEC;;FIL TV STRONG;0;0;ELEC0063
ELEC;;GLOBE EN VERRE CLASSIC 2 INTELLECT REF 2615B22;0;0;ELEC0064
ELEC;;DR;0;0;ELEC0065
ELEC;;DOMINO INTELLECT DE 10;0;0;ELEC0066
ELEC;;DOMINO INTELLECT DE 16;0;0;ELEC0067
ELEC;;DOMINO INTELLECT DE 25;0;0;ELEC0068
ELEC;;APPLIQUE SANITAIRE INTELLECT 1;0;0;ELEC0069
ELEC;;APPLIQUE SANITAIRE INTELLECT 2;0;0;ELEC0070
ELEC;;APPLIQUE SANITAIRE INTELLECT ;0;0;ELEC0071
ELEC;;LINOLITE;0;0;ELEC0072
ELEC;;LAMPE T8 LED TUBE AC:85-265V;1;0;ELEC0073
ELEC;;LAMPE LED A60 9W E27 BLANCHE INGELEC;0;0;ELEC0074
ELEC;;LAMPE LED A60 11W E27 BLANCHE INGELEC;0;0;ELEC0075
ELEC;;AMPOULE LED FLAMME DECOR E27 2W BLANC CAP CK;0;0;ELEC0076
ELEC;;BOITE DE DERIVATION 160X160X65 INGELEC;0;0;ELEC0077
ELEC;;BOITE DE DERIVATION 130X130X55 INGELEC;0;0;ELEC0078
ELEC;;BOITE D'ENCASTREMENT 60X60X50 GRIS;0;0;ELEC0079
ELEC;;BOITE ENCAST D60 INGELEC;0;0;ELEC0080
ELEC;;MAGIA N-1;0;0;ELEC0081
ELEC;;VICE A BOIS 3/4 DE 6;0;0;ELEC0082
PLOM;;ABATTAN SIMPLE;1;0;ELEC0083
ELEC;;AMPOULE AMADZA LED 5W E27 B22;0;0;ELEC0084
ELEC;;AMPOULE AMADZA LED 9W E27 B22;0;0;ELEC0085
ELEC;;AMPOULE LED 15W B22;0;0;ELEC0086
ELEC;;BARRETTE DE CONNECTION 16MM REF 1003N;0;0;ELEC0087
ELEC;;BARRETTE DE CONNECTION 25MM 1004N;0;0;ELEC0088
ELEC;;PRISE TV ODB BRUN CLAIR REF 56097142;0;0;ELEC0089
ELEC;;INTER 2 V ET V BRUN CLAIR REF 56097026;0;0;ELEC0090
ELEC;;INTER V ET V SANS VIS BRUN CLAIR REF 56097105;0;0;ELEC0091
ELEC;;POUSSOIR LUMINEUX SANS BRUN CLAIR REF 56097170;0;0;ELEC0092
ELEC;;GLOBE EN VERRE INTELLECT REF 200 B22;0;0;ELEC0093
ELEC;;GLOBE EN VERRE INTELLECT REF 2615S B22;0;0;ELEC0094
ELEC;;GLOBE EN PLASTIC INTELLECT REF 600 E27;0;0;ELEC0095
ELEC;;GLOBE EN PLASTIC INTELLECT REF 300 B22;0;0;ELEC0096
ELEC;;GLOBE EN PLASTIC INTELLECT REF 100 B22;0;0;ELEC0097
ELEC;;INTER V ET V ANTARIA;0;0;ELEC0098
ELEC;;INTER 2 V ET V ANTARIA ;0;0;ELEC0099
ELEC;;PRISE BIPOLAIRE + TERRE ANTARIA;0;0;ELEC0100
ELEC;;LAMPE LED PHILIPS 0.60MM;0;0;ELEC0101
ELEC;;LAMPE LED PHILIPS 1.20MM;0;0;ELEC0102
ELEC;;PLAQUE SORTIE DE CABLE;0;0;ELEC0103
ELEC;;INTER 2 V ET V MARBRE ;0;0;ELEC0104
ELEC;;INTER 2 V ET V CARRE;0;0;ELEC0105
ELEC;;INTER SIMPLE V ET V CARRE;0;0;ELEC0106
ELEC;;POUSSOIR LUMINEUX CARRE;0;0;ELEC0107
ELEC;;PRISE BIPOLAIRE + TERRE;0;0;ELEC0108
ELEC;;PRISE TV 7617 CARRE;0;0;ELEC0109
ELEC;;PRISE TV 771 G51 MARBRE;0;0;ELEC0110
ELEC;;INTER S V ET V MARBRE;0;0;ELEC0111
ELEC;;PRISE BIPOLAIRE ;0;0;ELEC0112
ELEC;;PRISE BIPOLAIRE + TERRE MARBRE ;0;0;ELEC0113
ELEC;;POUSSOIR LUMINEUX MARBRE;0;0;ELEC0114
ELEC;;BOITE ETANCHE LAP 240;0;0;ELEC0115
ELEC;;BOITE ETANCHE LAP 180;0;0;ELEC0116
ELEC;;DOUILLE UNIVERSELLE DROIT;0;0;ELEC0117
ELEC;;DOUILLE PLAFONNIERE UNIVERSELLE ;0;0;ELEC0118
ELEC;;AMPOULE LED BULD 3W;0;0;ELEC0119
ELEC;;AMPOULE LED MUSCLE 2W;0;0;ELEC0120
ELEC;;DOUILLE UNIVERSELLE SIMPLE;0;0;ELEC0121
ELEC;;AMPOULE LED INGELEC 11W;0;0;ELEC0122
ELEC;;AMPOULE LED INGELEC 9W;0;0;ELEC0123
ELEC;G3750/10;TELERUPTEUR MODULAIRE UNIPOLAIRE 16A INGELEC;0;0;ELEC0124
ELEC;G5226/20;DISMATIC/DISJ THERMIQUE 20A INGELEC;0;0;ELEC0125
ELEC;G4896;PRISE BIPO+TERRE ETCHE INGELEC;0;0;ELEC0126
ELEC;G4886;PRISE 2P+T ETCHE ENCASTRE INGELEC;0;0;ELEC0127
ELEC;G5891/20;INTER VV ETCHE INGELEC;0;0;ELEC0128
ELEC;G5881/20;INTER VV ETCHE ENCAST INGELEC;0;0;ELEC0129
ELEC;;INTER DIFFERENTIEL TETRA.25A-300MA INGELEC;0;0;ELEC0130
ELEC;;FIL TH 4MM 80M MARRON LCS;0;0;ELEC0131
ELEC;;FIL TH 4MM 80M ROUGE LCS;0;0;ELEC0132
ELEC;;FIL TH 4MM 80M VERT JAUNE LCS;0;0;ELEC0133
ELEC;;FIL TH 4MM 80M NOIR LCS;0;0;ELEC0134
ELEC;;FIL TH 6MM 80M MARRON LCS;0;0;ELEC0135
ELEC;;FIL TH 6MM 80M NOIR LCS;0;0;ELEC0136
ELEC;;FIL TH 6MM 80M VERT JAUNE LCS;0;0;ELEC0137
ELEC;;FIL TH 6MM 80M ROUGE LCS;0;0;ELEC0138
ELEC;;CABLE DE TERRE/CUIVRE NU 29M LCS;0;0;ELEC0139
ELEC;;PIQUET DE TERRE 100 142.0M;0;0;ELEC0140
ELEC;;PINCE PIQUET DE TERRE GT 142;0;0;ELEC0141
ELEC;;HUBLOT (GLOBE) ROND LAP EN PLASTIQUE REF 2008;0;0;ELEC0142
ELEC;;BOITES ETANCHES LAP A COUVERCLES ENCASTRES ET CHICANES D'ETANCHEITE 100X100X55 REF 7410;0;0;ELEC0143
ELEC;;BOITES ETANCHES LAP A COUVERCLES ENCASTRES ET CHICANES D'ETANCHEITE 240X180X85 REF 7424;0;0;ELEC0144
ELEC;;COFFRET LAP ENCASTRES 13 MODULES REF 6013;0;0;ELEC0145
ELEC;;BOITES CARRES JUMELABLE VERTE REF 7312 VRT;0;0;ELEC0146
ELEC;;BOITES LAP ETANCHES A COUVERCLES ENCASTRES ET CHICANES D'ETANCHEITE 140X100X70 REF 7414;0;0;ELEC0147
ELEC;;COFFRET LAP ENCASTRES 9 MODULES REF 6009;0;0;ELEC0148
ELEC;;COFFRET LAP ENCASTRES 26 MODULES REF 6026;0;0;ELEC0149
ELEC;;BOITES ETANCHES LAP RECTANGULAIRE 310X230X130 REF 7130 ;0;0;ELEC0150
ELEC;;BOITES ETANCHES LAP RECTANGULAIRE 385X305X130 REF 7138;0;0;ELEC0151
ELEC;;COFFRET ENCAST 24 MODULES LEGRAND REF LEG601113;0;0;ELEC0152
ELEC;;TUBE ORANGE DE 9;0;0;ELEC0153
ELEC;;COFFRET ENCASTRE 8 MODULE. PORTE FUMEE INGELEC REF ING2708/EF;0;0;ELEC0154
ELEC;;LAMP T8 LED FLOURESCENT KING MADZA 9W;0;0;ELEC0155
ELEC;;LAMP T8 LED FLOURESCENT KING MAZDA 18W;0;0;ELEC0156
ELEC;;SERRE CABLE EN ALLURE;0;0;ELEC0157
ELEC;;SERRE CABLE EN CUIVRE;0;0;ELEC0158
ELEC;;FICHE ELECTRIQUE YAKI MALE;0;0;ELEC0161
ELEC;;FICHE ELECTRIQUE YAKI FEMELLE;0;0;ELEC0162
ELEC;;BRASSEUR MODEL K S.M.C COMPLET;0;0;ELEC0163
ELEC;;AMPOULE AKT LED 20W..;1;0;ELEC0164
ELEC;;AMPOULE AKT LED 3W;0;0;ELEC0165
ELEC;;BAGUETTES DE MOLLURES 25X16;0;0;ELEC0166
ELEC;;BAGUETTES DE MOLLURES 25X16 AUTO-COLLAN;0;0;ELEC0167
ELEC;;BAGUTTES DE MOLLURES 75X50;0;0;ELEC0168
ELEC;;DECOMPTEUR A EAU 15/21;0;0;ELEC0169
ELEC;;DECOMPTEUR A EAU 20/27;0;0;ELEC0170
ELEC;;CABLE VGV LCS 2X1.5MM;0;0;ELEC0171
ELEC;;LAMPE T8 LED TUBE AC85-265V;1;0;ELEC0172
ELEC;;BOITIER CARRE INGELEC ;1;0;ELEC0173
ELEC;;PRISE COURANT ETANCHE;1;0;ELEC0174
ELEC;;DOUILLE INGELEC REF 7442E27D;1;0;ELEC0175
ELEC;;DISJONCTEUR DPN 16A REF 3721/16 INGELEC;1;0;ELEC0176
ELEC;;DISJONCTEUR DPN 10A REF 3721/10 INGELEC;1;0;ELEC0177
ELEC;;AMPOULE LED BLUD DE 15W  AKT;1;0;ELEC0178
ELEC;;AMPOULE LED BLUD DE 5W  AKT;1;0;ELEC0179
ELEC;;CABLE TV INGELEC;1;0;ELEC0180
ELEC;;INTERRUPTEURS DIFFERENTIELS SECURIS 25A 300MA REF 3732/25;1;0;ELEC0181
ELEC;;PRISE ETANCHE INGELEC;1;0;ELEC0182
ELEC;;INTERRUPTEUR PERMITATEUR;1;0;ELEC0183
ELEC;;REGLETTE ECONOMIQUE LED 18W REF R321/40;1;0;ELEC0184
ELEC;;REGLETTE ECONOMIQUE LED 9W REF 321/20;1;0;ELEC0185
ELEC;;DIJONCTEUR DPN 32A REF 3721/32 INGELEC;1;0;ELEC0186
ELEC;;DIJONCTEUR DPN 10A REF 3721/10 INGELEC;1;0;ELEC0187
ELEC;;DIJONCTEUR DPN 25A REF 3721/25 INGELEC;1;0;ELEC0188
ELEC;;DIJONCTEUR DPN 20A REF 3721/20 INGELEC;1;0;ELEC0189
ELEC;;DIJONCTEUR DPN 6A REF 3721/6 INGELEC;1;0;ELEC0190
ELEC;;DIJONCTEUR DPN 16A  REF 3721/16 INGELEC;1;0;ELEC0191
ELEC;;INTERRUPTEUR DIFFERENTIEL SECURIS 25A 300MA REF 3732/25;1;0;ELEC0192
ELEC;;CABLE VGV LCS 3X4MM;1;0;ELEC0193
ELEC;;CABLE VGV LCS 3X2.5MM;1;0;ELEC0194
ELEC;;DOMINO INTELLECT DE 40;1;0;ELEC0195
ELEC;;SACHETAN (SCORTCH ABRO);1;0;ELEC0196
ELEC;;AMOIR INFORMATIQUE SIMON;1;0;ELEC0197
ELEC;;CABLE TV SH-STRONG NOIR;1;0;ELEC0198
ELEC;;CABLE UMILL 2/10M²;1;0;ELEC0199
ELEC;;PRISE BIPOLAIRE + TERRE IVOIRE INGELEC REF 4226S;1;0;ELEC0200
ELEC;;FICHE INDUSTRIELLE MALE INGELEC REF 4096B;1;0;ELEC0201
ELEC;;PRISE ETANCHE INGELEC REF 4896;1;0;ELEC0202
ELEC;;CABLE VGV DU SENEGAL;1;0;ELEC0203
ELEC;;TUBE ORANGE DE 16;1;0;ELEC0204
ELEC;;CABLE DE TERRE ORIGINAL;1;0;ELEC0205
ELEC;;REGLETTE AVEC AMPOULE 20W 1.20;1;0;ELEC0206
ELEC;;REGLETTE AVEC AMPOULE 10W 0.60;1;0;ELEC0207
ELEC;;AMPOULE LED 7W BLANC;1;0;ELEC0208
ELEC;;AMPOULE LED 12W BLANC;1;0;ELEC0209
ELEC;;AMPOULE LED 09W BLANC;1;0;ELEC0210
ELEC;;AMPOULE LED 05W JAUNE;1;0;ELEC0211
ELEC;;AMPOULE LED 03W BLANC;1;0;ELEC0212
ELEC;;AMPOULE LED SPIRALE 12W BLANC ;1;0;ELEC0213
ELEC;;AMPOULE LED 05W BLANC;1;0;ELEC0214
ELEC;;AMPOULE SPIRALE 12W JAUNE ;1;0;ELEC0215
ELEC;;AMPOULE SPIRALE 07W JAUNE;1;0;ELEC0216
ELEC;;AMPOULE SPIRALE 09W BLANC;1;0;ELEC0217
ELEC;;AMPOULE SPIRALE 07W BLANC;1;0;ELEC0218
ELEC;;VENTILO Marque ISHAMI 14'';1;0;ELEC0219
FER;;FER A BETON DE 14 IMPORTE;1;0;FER00001
FER;;FER A BETON DE 12 IMPORTE;0;0;FER00002
FER;;FER A BETON DE 6 LISS;0;0;FER00003
FER;;FER A BETON DE 10 IMPORTE;1;0;FER00004
FER;;FER A BETON DE 8;0;0;FER00005
FER;;FER A BETON DE 6 IMPORTE;1;0;FER00006
FER;;FIL DE FER RECUIT;1;0;FER00007
FER;;POINTE ORDINAIRE DE 5;0;0;FER00008
FER;;FER A BETON DE 6 NORM;0;0;FER00009
FER;; FER DE 6 SIAB PLEIN;1;0;FER00010
FER;;B;0;0;FER00011
FER;;FER DE 8 SIAB PLEIN;1;0;FER00012
FER;;FER DE 10 SIAB PLEIN;0;0;FER00013
FER;;FER DE 12 SIAB PLEIN;0;0;FER00014
FER;;FER DE 16 IMPORTE;0;0;FER00015
FER;;FER A BETON DE 8 IMPORTE;1;0;FER00016
FER;;FER A BETON DE 14 SIAB;0;0;FER00017
FER;;FER A BETON DE 6 GKS;0;0;FER00018
FER;;FER A BETON DE 8 GKS;0;0;FER00019
FER;;FER A BETON DE 10 GKS;0;0;FER00020
FER;;FER A BETON DE 12 GKS;0;0;FER00021
FER;;FER A BETON DE 14 GKS;0;0;FER00022
FER;;FER A BETON DE 8 SIAB T2;1;0;FER00023
FER;;FER A BETON DE 6 SIAB T2;1;0;FER00024
FER;;FER A BETON DE 10 SIAB T2;1;0;FER00025
FER;;FER A BETON DE 12 tor IMPORTE T2;1;0;FER00027
FER;;FER A BETON DE 8 TOR IMPORTE T2;1;0;FER00028
FER;;FER A BETON DE 10 TOR IMPORTE T2;1;0;FER00029
MACO;;BROUETTE;0;0;MACO0001
MACO;;SIKALITE ;0;0;MACO0002
MACO;;PLANCHE DE 30 (BOIS BLANC);0;0;MACO0003
MACO;;PLANCHE DE 15 (BOIS BLANC);0;0;MACO0004
MACO;;CAMION DE SABLE;0;0;MACO0005
MACO;;GRAVIER;0;0;MACO0006
MACO;;CIMENT ORDINAIRE NOCIBE 42.5;0;0;MACO0007
MACO;;SIKALATEX BIDON 2 LITRES -REF 126719;0;0;MACO0008
MACO;;SIKALATEX BIDON 5 LITRES REF 126718;0;0;MACO0009
MACO;;ARROSOIRE PLASTIQUE +POMME 11LITRES;0;0;MACO0010
MACO;;ARROSOIRE EN ALLUR;1;0;MACO0011
MACO;;PELLE;0;0;MACO0012
MACO;;BROUETTES AGRI 85L SOTACI VERT;0;0;MACO0013
MACO;;CIMENT ORDINAIRE DIAMANT 32.5;1;0;MACO0014
MACO;;CIMENT BOUCLIER 32.5;0;0;MACO0015
MACO;;BROUETTE ATLAS ORIGINALE;1;0;MACO0016
MACO;;CIMENT ORDINAIRE NOCIBE 32.5;0;0;MACO0017
MACO;;PIOCHE DE 2KG;0;0;MACO0018
MACO;;PIOCHE DE 2.5 KG;0;0;MACO0019
MACO;;CIMENT BOUCLIER 42.5;0;0;MACO0022
MACO;;BROUETTE HONEST;1;0;MACO0023
MACO;;CIMENT ORDINAIRE DIAMANT 42.5;1;0;MACO0024
MACO;;SIKALATEX BIDON 20 LITRES;1;0;MACO0025
MACO;;ARROSOIRE PLASTIQUE ;1;0;MACO0026
MACO;;BROUETTE SOTACI;1;0;MACO0027
MACO;;CIMENT ORDINAIRE CIMBENIN 32.5;1;0;MACO0028
PEST;;OCRE JAUNE 25KG;0;0;PEST0001
PEST;;OCRE ROUGE 25KG;0;0;PEST0002
PEST;;PLATRE IMPERIAL;0;0;PEST0003
PEST;;CHAUX VIVE 20KG;0;0;PEST0004
PEST;;ROULEAU PEINTRE N-9;0;0;PEST0005
PEST;;ROULEAU PEINTRE N-7;0;0;PEST0006
PEST;;GANG EN CUIR;0;0;PEST0007
PEST;;CIMENT BLANC 50KG;0;0;PEST0008
PEST;; LEYLAND 30KG;0;0;PEST0009
PEST;;LEYLAND 15KG ROUGE;0;0;PEST0010
PEST;; LEYLAND 5KG BLANC;0;0;PEST0011
PEST;; HOME CHAME 30KG;0;0;PEST0012
PEST;; HOME CHAME 15KG;0;0;PEST0013
PEST;; HOME CHAME 5KG;0;0;PEST0014
PEST;;LEYLAC GRIS CLAIRE 1010;0;0;PEST0015
PEST;;LEYLAC VERNIS/AZAR VERNIS CLAIR;0;0;PEST0016
PEST;;LEYLAC BLEU 1460;0;0;PEST0017
PEST;;LEYLAC VERT 1260;0;0;PEST0018
PEST;;LEYLAC JAUNE 1800;0;0;PEST0019
PEST;;LEYLAC NOIR 1200;0;0;PEST0020
PEST;;LEYLAC CHOCOLATE 1680;0;0;PEST0021
PEST;;COLLE AZAR ASTRAL;0;0;PEST0022
PEST;;SHIELD 30KG/WHITE FX3-SATIN ENDUIT;1;0;PEST0023
PEST;;HUILE DE LIN ASTRALE;0;0;PEST0024
PEST;;VERNIS A EAU ASTRALE;0;0;PEST0025
PEST;;PAPIER COLLANT;0;0;PEST0026
PEST;;PINCEAU 25MM;0;0;PEST0027
PEST;;PINCEAU 38MM;0;0;PEST0028
PEST;;PINCEAU 50MM;0;0;PEST0029
PEST;;PINCEAU 65MM;0;0;PEST0030
PEST;;PINCEAU 75MM;0;0;PEST0031
PEST;;PINCEAU 100MM;0;0;PEST0032
PEST;;DILUANT CELLULOSIQUE;0;0;PEST0033
PEST;;TOITUROL  900G;0;0;PEST0034
PEST;;TOITUROL 400G;0;0;PEST0035
PEST;;TINTOREX NOIR;0;0;PEST0036
PEST;;TINTOREX JAUNE;0;0;PEST0037
PEST;;TINTOREX BLEU;0;0;PEST0038
PEST;;TINTOREX ROUGE;0;0;PEST0039
PEST;;LEYLAC BLANC 1000;0;0;PEST0040
PEST;;LEYLAC GOLDEN BROUN  1670 (CHAMOIS FONCE);0;0;PEST0041
PEST;;LEYLAC CHAMOIS FONCE;0;0;PEST0042
PEST;;LEYLAC ROUGE 1930;0;0;PEST0043
PEST;;ALLUMINUIM SILVER;0;0;PEST0044
PEST;;ALLUMINUIM SILVER;0;0;PEST0045
PEST;;ALLUMINUIM SILVER;0;0;PEST0046
PEST;;LEYLAND 15KG BLEU;0;0;PEST0047
PEST;;LEYLAND 15KG VERT;0;0;PEST0048
PEST;;LEYLAND 15KG BLANC WHITE REF 6000;1;0;PEST0049
PEST;;LEYLAC GREY 1040;0;0;PEST0050
PEST;;CIMENT BLANC 25KG;0;0;PEST0051
PEST;; LEYLAC BROKEN WHITE;0;0;PEST0052
PEST;;LEYLAC IVORY 1770;0;0;PEST0053
PEST;;LEYLAC VIOLET 1610;0;0;PEST0054
PEST;;LEYLAC PALE GREEN;0;0;PEST0055
PEST;;FILAXE STAFF;0;0;PEST0056
PEST;;PLATRE DE CONSTRUCTION;0;0;PEST0057
PEST;;TINTORAP NOIRE;0;0;PEST0058
PEST;;TINTORAP JAUNE;0;0;PEST0059
PEST;;TINTORAP BLEU;0;0;PEST0060
PEST;;TINTORAP ROUGE;0;0;PEST0061
PEST;;TINTORAP VERT;0;0;PEST0062
PEST;;GRESIL SNPC;0;0;PEST0063
PEST;;BOITE D'ARDOISINE VERT;0;0;PEST0064
PEST;;BOITE D'ARDOISINE NOIRE;0;0;PEST0065
PEST;;PAPIER COLLANT NOUVEAU;0;0;PEST0066
PEST;;BRILLANT WHITE AZA BLANC;1;0;PEST0067
PEST;;BRILLANT WHIT AZA CLAIRE;0;0;PEST0068
PEST;;TEINTE;0;0;PEST0069
PEST;;PLATRE DIAMOND;0;0;PEST0070
PEST;;LEYLAC DARK GREY;0;0;PEST0071
PEST;;SPAY PAIN CHROME PLATE BRIGHT 318;0;0;PEST0072
PEST;;DORE OU DORADO 188 GOLD ;0;0;PEST0073
PEST;;SPRAY PAINT ABRO BLEU ROYAL AZUL CLARO 035;0;0;PEST0074
PEST;;ABRO SPRAY PAINT MEDIUM BLEU AZUL 037;0;0;PEST0075
PEST;;ABRO SPAIN PAINT YELLOW AMARILLO LIMON 53;0;0;PEST0076
PEST;;ABRO SPAIN PAINT GLOSS BLACK BRILLANTE 011;0;0;PEST0077
PEST;;ABRO SPAIN REGULAR RED ROJO OSCURO 075;0;0;PEST0078
PEST;;ABRO SPAIN PAINT GLOSS BLACK BRILLANTE 0011;0;0;PEST0079
PEST;;PLATRE POUR STAFF SIPS SAC DE 40KG;0;0;PEST0080
PEST;;LEYLAND 15KG CHOCOLATE BROWN REF:6955.M06B04;0;0;PEST0081
PEST;;LEYLAND 15KG CHOCOLATE BROWN REF:6955 M13 B06;1;0;PEST0082
PEST;;LEYLAND 15KG CHOCOLATE BROWN REF:6955 M06-B06;0;0;PEST0083
PEST;;LEYLAND 15KG CHOCOLATE BROWN REF:6955 M03-B04;0;0;PEST0084
PEST;;LEYLAND 15KG TERRA COTTA REF:6935 M13-B03;1;0;PEST0085
PEST;;LEYLAND 5KG TERRA COTTA REF:6935-M04-B03;0;0;PEST0086
PEST;;LEYLAND 5KG CHOCOLATE BROWN REF:6955 M02 B04;0;0;PEST0087
PEST;;SHIELD 30KG/INTERIOR PUTTY ENDUIT;0;0;PEST0088
PEST;;LEYLAND 15KG YELLOW/JAUNE;0;0;PEST0089
PEST;;LEYLAC VERT FONCE 1050 COLIS DE 4 POTS;0;0;PEST0090
PEST;;SHIELD 15KG/INTERIOR PUTTY ENDUIT;0;0;PEST0091
PEST;;PLATRE STAFF MEDGYP;0;0;PEST0092
PEST;;GAN-VITRIER PAR PAIRE;0;0;PEST0093
PEST;;LEYLAND 15KG TERRA COTTA REF 6935 M13-B03;1;0;PEST0094
PEST;;LEYLAND 5KG CHOCOLATE BROWN REF:6955 B06;1;0;PEST0095
PEST;;LEYLAC ROUGE MUNICIPAL 1940;1;0;PEST0096
PEST;;VERNIS ALKYD;1;0;PEST0097
PEST;;ANTI ROUILLE;1;0;PEST0098
PEST;;UNITEINTE BLEU;1;0;PEST0099
PEST;;UNITEINTE JAUNE OXYDE;1;0;PEST0100
PEST;;UNITEINTE VERT;1;0;PEST0101
PEST;;UNITEINTE ORANGE;1;0;PEST0102
PEST;;UNITEINTE NOIR;1;0;PEST0103
PEST;;PLATRE STAFF KNAUF;1;0;PEST0104
PEST;;PLATRE STAFF SUPER DECOR;1;0;PEST0105
PEST;;PLATRE STAFF DECOR P.O.P;1;0;PEST0106
PEST;;PLATRE STAFF DECOMED MEDGYP;1;0;PEST0107
PLOM;;VANNE A BRIDE DN DE 50;1;0;PLAD0001
PLOM;;BE DN DE 50;1;0;PLAD0002
PLOM;;MANCHON COULISSAN DE 63;1;0;PLAD0003
PLOM;;TE PRESSION DE 90/63;1;0;PLAD0004
PLOM;;BOULON DE 16*70;1;0;PLAD0005
PLOM;;JOINT PLAT DE 50;1;0;PLAD0006
PLOM;;LAVABO GOLF;1;0;PLAD0007
PLOM;;PIEDS LAVABO GOLF;1;0;PLAD0008
PLOM;;LAVE MAIN PETIT GOLF;1;0;PLAD0009
PLOM;;AUTOMATIQUE A EAU LEO 10A PS-04A;1;0;PLAD0010
PLOM;;POMPE SUPPRESSEUR A EAU LEO AJM75;1;0;PLAD0011
PLOM;;POMPE SUPPRESSEUR A EAU LEO APM37;1;0;PLAD0012
PLOM;;FILTRE A EAU LEO WF-02B;1;0;PLAD0013
PLOM;;TANQUE BETRA NOIR DE 2000L;1;0;PLAD0014
PLOM;;TANQUE BETRA NOIR DE 1000L;1;0;PLAD0015
PLOM;;TANQUE BETRA NOIR DE 3000L;1;0;PLAD0016
PLOM;;JOINT DE 63;1;0;PLAD0017
PLOM;;BOUCHON DE 63;1;0;PLAD0018
PLOM;;ROBINET D'ARRET 26/34 GRK;1;0;PLAD0019
PLOM;;SUPPORT COMPTEUR ;1;0;PLAD0020
PLOM;;VIS SUPPORT COMPTEUR ;1;0;PLAD0021
PLOM;;BAC EN FANTE   ;1;0;PLAD0022
PLOM;;MANCHONS LAITON 26/34;1;0;PLAD0023
PLOM;;MAMELON LAITON 26/34;1;0;PLAD0024
PLOM;;COUDE 26/34;1;0;PLAD0025
PLOM;;BOULON ;1;0;PLAD0026
PLOM;;ACIDE MURIATIQUE 20L;1;0;PLAD0027
PLOM;;ROBINET DE DOUCHE MITIGEUR REF 006101;1;0;PLAD0028
PLOM;;CHAUFFE EAU ELECTRIQUE ''PACIFIC'' 30L;1;0;PLAD0029
PLOM;;LAVE MAIN VEGA B;1;0;PLAD0030
PLOM;;LAVABO + MIROIRE COMPLET REF A-206;1;0;PLAD0031
PLOM;;COLONNE DE DOUCHE ''Wirquin Milano Touch'';1;0;PLAD0032
PLOM;;LAVABO + MIROIRE COMPLET REF A-203;1;0;PLAD0033
PLOM;;FLOTTEUR SORTIE BAS;1;0;PLAD0034
SOUD;;TUYAU GALVA 26/34 PLUS EP;1;0;PLAD0035
PLOM;;EVIER 1 BAC -DD ABOVE ENGLAND GRAND;1;0;PLAD0036
PLOM;;EVIER 1 BAC -DD ABOVE ENGLAND  PETIT;1;0;PLAD0037
PLOM;;EVIER 2 BAC THE CURRENT ITALY;1;0;PLAD0038
PLOM;;SIPHON EVIER 1 BAC ;1;0;PLAD0039
PLOM;;SIPHON EVIER 2 BAC ;1;0;PLAD0040
PLOM;;COUDE LAITON 26/34;1;0;PLAD0041
PLOM;;ECROU LAITON 26/34;1;0;PLAD0042
PLOM;;WC PARMA COMPLET WHITE ;1;0;PLAP0001
PLOM;;EVIER INOX LOURD NEW DESEIGN SC612-50*120;1;0;PLAP0002
PLOM;;VANNE A RACCORD UNION PRESSION 32;1;0;PLAP0003
PLOM;;VANNE A RACCORD UNION PRESSION 40;1;0;PLAP0004
PLOM;;VANNE A RACCORD UNION PRESSION 63;1;0;PLAP0005
PLOM;;VANNE A RACCORD UNION PRESSION 50;1;0;PLAP0006
PLOM;;ENSEMBLE DE DOUCHE SUR COLONNE NOIRE REF XL-522;1;0;PLAP0007
PLOM;;MITIGEUR BAIN DOUCHE NOIR REF XL-522B/D;1;0;PLAP0008
PLOM;;ABATTAN DE WC PARMA;1;0;PLAP0009
PLOM;;ROBINET LAVABO MITIGEUR SIMPLE ELENA REF MC-94-62402DL;1;0;PLAP0010
PLOM;;ROBINET EVIER MITIGEUR REF XL-8441;1;0;PLAP0011
PLOM;;MITIGEUR EVIER INOX REF XL-8422;1;0;PLAP0012
PLOM;;MITIGEUR EVIER INOX REF XL8423;1;0;PLAP0013
PLOM;;ROBINET EVIER MITIGEUR REF MC 888802;1;0;PLAP0014
PLOM;;FLOTTEUR MECANIQUE REF MC-STEEL1;1;0;PLAP0015
PLOM;;LAVE MAIN GRAND ;1;0;PLAP0016
PLOM;;VIDANGE EVIER INOX A 2 BAC;1;0;PLAP0017
PLOM;;ROBINET DE PUISSAGE 15/21 ORIGINAL GRK;1;0;PLAP0018
PLOM;;RESERVOIR DE WC PARMA WHITE BLANC;1;0;PLAP0019
PLOM;;ROBINET EVIER NEW FORME S;1;0;PLAP0020
PLOM;;BAIGNOIR;1;0;PLAP0021
PLOM;;FLEXIBLE DE DOUCHE BAIGNOIR;1;0;PLAP0022
PLOM;;ROBINET DE DOUCHE BAIGNOIR;1;0;PLAP0023
PLOM;;TRAPPE DE VISITE BAIGNOIR;1;0;PLAP0024
PLOM;;LAVABO COMPLET ZT - 2005;1;0;PLAP0025
PLOM;;LAVABO COMPLET REF ZT - 350;1;0;PLAP0026
PLOM;;PIEDS DE LAVABO REF ZT - 196S;1;0;PLAP0027
PLOM;;POT DE LAVABO ZT - 2005;1;0;PLAP0028
PLOM;;ROBINET EVIER FORME BEC D'OISEAU ;1;0;PLAP0029
PLOM;;WC VEGA OU PARMA CASSE;1;0;PLAP0030
PLOM;;LAVABO VEGA B;1;0;PLAP0031
PLOM;;RESERVOIR VEGA B;1;0;PLAP0032
PLOM;;POT LAVABO VEGA B;1;0;PLAP0033
PLOM;;POT DE LAVABO VEGA B;1;0;PLAP0034
PLOM;;RESERVOIR VEGA;1;0;PLAP0035
PLOM;;MIROIR RECTANGULAIRE REF 771;1;0;PLAP0036
PLOM;;MIROIR RECTANGULAIRE REF 520;1;0;PLAP0037
PLOM;;MIROIR RECTANGULAIRE REF 542;1;0;PLAP0038
PLOM;;MECANISME WC;1;0;PLAP0039
PLOM;;SIPHON SOL DE 100 EN FER;1;0;PLAP0040
PLOM;;ACCESSOIRE DE DOUCHE PARMA REF K005;1;0;PLAP0041
PLOM;;ROBINET MITIGEUR ;1;0;PLAP0042
PLOM;;ROBINET EVIER INOX REF 304;1;0;PLAP0043
PLOM;;ROBINET LAVABO AGGLLA STANDARD ;1;0;PLAP0044
PLOM;;ROBINET EVIER AGGLLA STANDARD A BOISSEAU BLEU ;1;0;PLAP0045
PLOM;;ROBINET LAVABO AGGLLA STANDARD A BOISSEAU BLEU ;1;0;PLAP0046
PLOM;;ROBINET EVIER BEC D'OISSEAU A BOISSEAU ROUGE ;1;0;PLAP0047
PLOM;;ROBINET EVIER BEC D'OISEAU A BOISSEAU BLEU ;1;0;PLAP0048
PLOM;;ACCESSOIRE DE DOUCHE REF A005 et A004;1;0;PLAP0049
PLOM;;ACCESSOIRE DE DOUCHE REF A004;1;0;PLAP0050
PLOM;;EVIER 1 BAC REF 960*430;1;0;PLAP0051
PLOM;;EVIER 1 BAC REF 915*460;1;0;PLAP0052
PLOM;;EVIER 1 BAC REF 750*400;1;0;PLAP0053
PLOM;;EVIER 1 BAC REF 1000*500;1;0;PLAP0054
PLOM;;EVIER 2 BAC REF 1200*500;1;0;PLAP0055
PLOM;;PIEDS LAVABO PARMA ;1;0;PLAP0056
PLOM;;SIPHON EVIER 1 BAC CHINOIS PETIT;1;0;PLAP0057
PLOM;;SIPHON EVIER 1 BAC CHINOIS GRAND ;1;0;PLAP0058
PLOM;;SIPHON EVIER 2 BAC CHINOIS ;1;0;PLAP0059
PLOM;;ENSEMBLE SIPHON REF SP3226;1;0;PLDI0001
PLOM;;ENSEMBLE SIPHON REF SP3229;1;0;PLDI0002
PLOM;;COLLE MAGOM WOOD GLUE 250G;1;0;PLDI0003
PLOM;;COLLE MAGOM WOOD GLUE 500G;1;0;PLDI0004
PLOM;;ACIDE MURIATIQUE 1L;1;0;PLDI0005
PLOM;;ACIDE MURIATIQUE 2L;1;0;PLDI0006
PLOM;;ACIDE MURIATIQUE 4L;1;0;PLDI0007
PLOM;;TUYAUX PVC DE 100;0;0;PLOM0001
PLOM;;TUYAUX PVC DE 75;0;0;PLOM0002
PLOM;;COUDE PVC 1/4 DE 100;0;0;PLOM0003
PLOM;;COUDE PVC DE 40;0;0;PLOM0004
PLOM;;COLLE TANGIT 1KG;0;0;PLOM0005
PLOM;;WC COMPLET MIMA;0;0;PLOM0006
PLOM;;LAVABO COMPLET MIMA;0;0;PLOM0007
PLOM;;LAVE MAIN MOYEN ;1;0;PLOM0008
PLOM;;LAVE MAIN MIMA PETIT ;0;0;PLOM0009
PLOM;;GLACE LAVAVO ;0;0;PLOM0010
PLOM;;COUDE PVC 1/8 DE 100;0;0;PLOM0011
PLOM;;TUYAU PVC DE 40;1;0;PLOM0012
PLOM;;COUDE PVC 1/4 DE 75;0;0;PLOM0013
PLOM;;CHAISE BLANCHE GMDH;1;0;PLOM0014
PLOM;;CHAISE ORANGE;0;0;PLOM0015
PLOM;;TEE DROIT PVC DE 100;1;0;PLOM0016
PLOM;;ACIDE 1L;0;0;PLOM0017
PLOM;;ACIDE DE 5L;0;0;PLOM0018
PLOM;;ECROU RALONGE 15/21.SC.BRASS FITTING;0;0;PLOM0019
PLOM;;COUDE LAITON 15/21;0;0;PLOM0020
PLOM;;TEE LAITON 15/21;0;0;PLOM0021
PLOM;;TUYAUX PPR 25*4.4;1;0;PLOM0022
PLOM;;TUYAUX PPR DE 20;0;0;PLOM0023
PLOM;;COUDE PPR DE 20;0;0;PLOM0024
PLOM;;TEE PPR DE 20;0;0;PLOM0025
PLOM;;AMBOUT TARODE 25X1/2M;0;0;PLOM0026
PLOM;;AMBOUT TARODE 25X3/4M;0;0;PLOM0027
PLOM;;AMBOUT TARODE 25X1/2F;0;0;PLOM0028
PLOM;;AMBOUT TARODE 25X3/4F;0;0;PLOM0029
PLOM;;AMBOOUT TARODE 20X1/2M;0;0;PLOM0030
PLOM;;AMBOUT TARODE 20X1/2F;0;0;PLOM0031
PLOM;;COUDE TARODE 20X1/2M;0;0;PLOM0032
PLOM;;COUDE TARODE 20X1/2F;0;0;PLOM0033
PLOM;;COUDE TARODE 25X1/2F;0;0;PLOM0034
PLOM;;COUDE TARODE 25X1/2M;0;0;PLOM0035
PLOM;;COUDE TARODE 25X3/4F;0;0;PLOM0036
PLOM;;COUDE TARODE 25X3/4M;0;0;PLOM0037
PLOM;;TEE TARODE 20X1/2M;0;0;PLOM0038
PLOM;;TEE TARODE 20X1/2F;0;0;PLOM0039
PLOM;;TEE TARODE 25X1/2F;0;0;PLOM0040
PLOM;;TEE TARODE 25X1/2M;0;0;PLOM0041
PLOM;;TEE TARODE 25X3X4M;0;0;PLOM0042
PLOM;;MANCHON PPR DE 20;0;0;PLOM0043
PLOM;;MANCHON PPR DE 25;0;0;PLOM0044
PLOM;;RACCORD UNION PPR DE 20;0;0;PLOM0045
PLOM;;RACCORD UNION PPR DE 25;0;0;PLOM0046
PLOM;;BOUCHON PPR DE 20;0;0;PLOM0047
PLOM;;BOUCHON PPR DE 25;0;0;PLOM0048
PLOM;;VANE D'ARRET VOLANT PPR DE 25;0;0;PLOM0049
PLOM;;VANE D'ARRET CHRONI PPR DE 25;0;0;PLOM0050
PLOM;;SIPHON LAVABO;0;0;PLOM0051
PLOM;;SIPHON EVIER 1BAC EN SAC;0;0;PLOM0052
PLOM;;SIPHON EVIER 2BAC KMEI SANITARY REF LY761-15;0;0;PLOM0053
PLOM;;TUYAUX PRESSION DE 32;0;0;PLOM0054
PLOM;;COUDE PVC DE 32;0;0;PLOM0055
PLOM;;BOUCHON PVC DE 100;0;0;PLOM0056
PLOM;;TEE DROIT PVC DE 75;1;0;PLOM0057
PLOM;;REDUCTEUR PVC DE 100/32;0;0;PLOM0058
PLOM;;BOUCHON GALVA 15/21 MALE;1;0;PLOM0059
PLOM;;ROBINET D'ARRET 15/21 ORDINAIRE REF:928-1/2 GKR;0;0;PLOM0060
PLOM;;ACCESSOIRE;0;0;PLOM0061
PLOM;;TEE PPR DE 25;0;0;PLOM0062
PLOM;;APPAREIL PPR 20 A 32;0;0;PLOM0063
PLOM;;COUDE PPR DE 25;0;0;PLOM0064
PLOM;;REDUCTEUR PVC 75/32;0;0;PLOM0065
PLOM;;GRATOIRE N-4;0;0;PLOM0066
PLOM;;GRATOIRE N-5;0;0;PLOM0067
PLOM;;MECANISME ORIGINAL;0;0;PLOM0068
PLOM;;TUYAUX PRESSION DE 25 + EP;0;0;PLOM0069
PLOM;;TUYAUX PRESSION DE 20 + EP;0;0;PLOM0070
PLOM;;TUYAUX PRESSION DE 32 + EP;0;0;PLOM0071
PLOM;;COUDE PRESSION DE 20;0;0;PLOM0072
PLOM;;COUDE PRESSION DE 25;0;0;PLOM0073
PLOM;;COUDE PRESSION DE 32;0;0;PLOM0074
PLOM;;RACCORD UNIT DE 32;0;0;PLOM0075
PLOM;;RACCORD UNIT DE 25;0;0;PLOM0076
PLOM;;EMBOUT PRESSION DE 25/32;0;0;PLOM0077
PLOM;;AMBOUT PRESSION DE 32;0;0;PLOM0078
PLOM;;TEE PRESSION DE 32;0;0;PLOM0079
PLOM;;REDUCTEUR 32/25;0;0;PLOM0080
PLOM;;CLAPET ANTI RETOUR DE 25;0;0;PLOM0081
PLOM;;VANE A BOISEAU 26/34;0;0;PLOM0082
PLOM;;FLOTTEUR TANCK;0;0;PLOM0083
PLOM;;FILAXE;0;0;PLOM0084
PLOM;;ROBINET D'ARRET 15/21 ORIGINAL GRK;1;0;PLOM0085
PLOM;;COUDE LAITON 15/21. SC.BRASS FITTING;0;0;PLOM0086
PLOM;;COUDE LAITON 20/27;0;0;PLOM0087
PLOM;;TEE LAITON 15/21;0;0;PLOM0088
PLOM;;TEE LAITON 20/27;0;0;PLOM0089
PLOM;;MAMELON LAITON 15/21;0;0;PLOM0090
PLOM;;ECROU 15/15 LAITON;0;0;PLOM0091
PLOM;;COUDE PVC 1/8 DE 75;0;0;PLOM0092
PLOM;;GEBAJOIN;0;0;PLOM0093
PLOM;;BOUCHON GALVA FEMELLE;0;0;PLOM0094
PLOM;;EMBOUT PRESSION DE 20/25;0;0;PLOM0095
PLOM;;TEE PRESSION DE 25;0;0;PLOM0096
PLOM;;TEE PRESSION DE 20;0;0;PLOM0097
PLOM;;SAC DE CHARBON;0;0;PLOM0098
PLOM;;ECROU REDUIT 20/15 GKR;0;0;PLOM0099
PLOM;;CORDE;0;0;PLOM0101
PLOM;;ROBINET DE PUISSAGE 15/21 ORIGINAL GRK;0;0;PLOM0102
PLOM;;GEBA;0;0;PLOM0103
PLOM;;TUYAUX ;0;0;PLOM0104
PLOM;;ECROU TANCK;0;0;PLOM0105
PLOM;;COLLE TANGIT BOITE 1/2KG;1;0;PLOM0106
PLOM;;COLLE TANGIT BOITE 1/4KG;0;0;PLOM0107
PLOM;;CUIVRE;0;0;PLOM0108
PLOM;;BOUCHON PVC DE 75;0;0;PLOM0109
PLOM;;TUYAUX EVACUATION DE 32/4M;0;0;PLOM0110
PLOM;;TEE CULOTTE PVC DE 100;0;0;PLOM0111
PLOM;;GLACE LAVABO REF:WT-2 SIZE 62*16*43 CM;0;0;PLOM0112
PLOM;;SAVON OMO;0;0;PLOM0113
PLOM;;EPONGE EN FER;0;0;PLOM0114
PLOM;;BALAIS COCO;0;0;PLOM0115
PLOM;;SERPIERE NOIR;0;0;PLOM0116
PLOM;;SERPIERE BLANC;0;0;PLOM0117
PLOM;;SERPIERE BLEU;0;0;PLOM0118
PLOM;;ROBINET DE PUISSAGE 15/21 ORDINAIRE GRK.ARTN-61428-15;0;0;PLOM0119
PLOM;;ROBINET DOUCHE 8020S;0;0;PLOM0120
PLOM;;ROBINET DOUCHE LADY LUX 5079B;0;0;PLOM0121
PLOM;;ROBINET DOUCHE SUPRA 5062A;0;0;PLOM0122
PLOM;;ROBINET DOUCHE LADY LUX 5062A-1;0;0;PLOM0123
PLOM;;ROBINET LAVABO COSTA A;0;0;PLOM0124
PLOM;;ROBINET LAVABO COSTA B;0;0;PLOM0125
PLOM;;ROBINET LAVABO SUPRA C-1;0;0;PLOM0126
PLOM;;ROBINET LAVABO SUPRA D1-2;0;0;PLOM0127
PLOM;;ROBINET EVIER LADY LUX J;0;0;PLOM0128
PLOM;;ROBINET EVIER SUPRA S;0;0;PLOM0129
PLOM;;ROBINET PUISSAGE 15/21 A CLE;0;0;PLOM0130
PLOM;;EVIER 2 BAC NON BRILLANT;0;0;PLOM0131
PLOM;;SIPHON SOL 75X75;0;0;PLOM0132
PLOM;;EVIER 1 BAC NOVA REF INOXA WLS8050B;0;0;PLOM0133
PLOM;;EVIER 2 BAC LUX;0;0;PLOM0134
PLOM;;ROBINET EQUEUR;0;0;PLOM0135
PLOM;;VICE CACHE TETE ;1;0;PLOM0136
PLOM;;FLEXIBLE WC EN FER;0;0;PLOM0137
PLOM;;ECROU REDUIT 12/12;1;0;PLOM0138
PLOM;;ECROU 12/15;0;0;PLOM0139
PLOM;;BOUCHON LAITON MALE;0;0;PLOM0140
PLOM;;BOUCHON LAITON FEMELLE;0;0;PLOM0141
PLOM;;TETE ROBINET 15/21 GRK;1;0;PLOM0142
PLOM;;TETE ROBINET 20/27;0;0;PLOM0143
PLOM;;CHAFTAF (LAVE FESSE);0;0;PLOM0144
PLOM;;ABATTAN LOURD;1;0;PLOM0145
PLOM;;ROBINET EVIER EN PLASTIC;0;0;PLOM0146
PLOM;;ROBINET LAVABO EN PLASTIC;0;0;PLOM0147
PLOM;;JOINT 15/21;0;0;PLOM0148
PLOM;;JOINT 12/17;0;0;PLOM0149
PLOM;;VANE A BOISSEAU D'ARRET 20/27;0;0;PLOM0150
PLOM;;ACCESSOIRE DE DOUCHE LUX MIMA REF G017;0;0;PLOM0151
PLOM;;ACCESSOIRE DE DOUCHE SEMI MIMA REF G002;0;0;PLOM0152
PLOM;;ACCESSOIRE DE DOUCHE SIMPLE MIMA REF G013;0;0;PLOM0153
PLOM;;MECANISME WC A POUSSOIRE WIRQUIN ORDINAIRE;0;0;PLOM0154
PLOM;;ROBINET EVIER SUPRA J;0;0;PLOM0155
PLOM;;RACCORD BLANC;0;0;PLOM0156
PLOM;;ROBINET EVIER SC;0;0;PLOM0157
PLOM;;SIPHON EVIER SILVER 2 BAC GT;0;0;PLOM0158
PLOM;;TEE DROIT PVC DE 110;0;0;PLOM0159
PLOM;;COUDE PVC 1/4 DE 110;0;0;PLOM0160
PLOM;;CHAISE BLEU;0;0;PLOM0161
PLOM;;REDUCTEUR PVC 100/75;0;0;PLOM0162
PLOM;;TUYAUX PVC DE 50;0;0;PLOM0163
PLOM;;SIPHON SOL 100X100;0;0;PLOM0164
PLOM;;REDUCTEUR PVC 100/40;0;0;PLOM0165
PLOM;;EVIER 1BAC ORDINAIRE REF GDY63702-N SIZE 50*100 SC;0;0;PLOM0166
PLOM;;EVIER 2BAC ORDINAIRE;0;0;PLOM0167
PLOM;;HELIOS  ACIDE MURIATIQUE ;0;0;PLOM0168
PLOM;;HELIOS EAU JAVEL;0;0;PLOM0169
PLOM;;ROBINET MITIGEUR LAVABO;0;0;PLOM0170
PLOM;;ROBINET MITIGEUR EVIER ;0;0;PLOM0171
PLOM;;ROBINET MITIGEUR DE DOUCHE;0;0;PLOM0172
PLOM;;CHAUFFE EAU 50L;0;0;PLOM0173
PLOM;;GROUPE DE SECURITE;0;0;PLOM0174
PLOM;;GOUGEON LAVABO WASH BASIN VITI IN ACCIAIO INOX AISI430;0;0;PLOM0175
PLOM;;ECROU MIXT 12/17;0;0;PLOM0176
PLOM;;KIT DE DOUCHE;0;0;PLOM0177
PLOM;;KIT DE DOUCHE FRECION CASTING;0;0;PLOM0178
PLOM;;EVIER NOVA 1 BAC REF INOXA WLS9050;0;0;PLOM0179
PLOM;;LAVABO ALPHA COMPLET;0;0;PLOM0180
PLOM;;TABLETTE ALPHA;0;0;PLOM0181
PLOM;;WC ALPHA ;0;0;PLOM0182
PLOM;;LAVE MAIN PETIT ALPHA;0;0;PLOM0183
PLOM;;ROBINET EQUERRE 3/8;0;0;PLOM0184
PLOM;;ROBINET EQUERRE 1/4;0;0;PLOM0185
PLOM;;DECAPANT;0;0;PLOM0186
PLOM;;REDUCTEUR PVC 110/100;0;0;PLOM0187
PLOM;;TEE DROIT PVC DE 40;0;0;PLOM0188
PLOM;;PORT SERVIETTE PLASTIQUE GDY60701;1;0;PLOM0189
PLOM;;PORT PAPIER SC;1;0;PLOM0190
PLOM;;PORTE SAVON EN PLASTIQUE;0;0;PLOM0191
PLOM;;TABLETTE PLASTIQUE GDY60702;1;0;PLOM0192
PLOM;;WC VEGA;0;0;PLOM0193
PLOM;;FLEXIBLE WC EN PLASTIC;0;0;PLOM0194
PLOM;;FLEXIBLE LAVABO EN FER;0;0;PLOM0195
PLOM;;FLEXIBLE LAVABO EN PLASTIC;0;0;PLOM0196
PLOM;;COLONNE DE DOUCHE EN FER FIXE DGY-63415B.MEAS137*38*29CM;0;0;PLOM0197
PLOM;;COLONNE DE DOUCHE EN PLASTIC FIXE;0;0;PLOM0198
PLOM;;WC PARMA COMPPLET;0;0;PLOM0199
PLOM;;LAVABO PARMA COMPLET;0;0;PLOM0200
PLOM;;COUDE PRESSION DE 40;0;0;PLOM0201
PLOM;;TEE PRESSION DE 40;0;0;PLOM0202
PLOM;;EMBOUT PRESSION DE 40/32;0;0;PLOM0203
PLOM;;REDUCTEUR 40/50;0;0;PLOM0204
PLOM;;REDUCTEUR 40/32;0;0;PLOM0205
PLOM;;TUYAUX PRESSION DE 40;0;0;PLOM0206
PLOM;;VANE A BOISEAU DE 40;0;0;PLOM0207
PLOM;;TANCK 1000L;0;0;PLOM0208
PLOM;;ROBINET LAVABO NEW  EXECUTIVE 16*12*5CM STANDARD GB18145-2003;0;0;PLOM0209
PLOM;;ROBINET LAVABO NEW 16*12*5 EXECUTIVE STANDARD GB18145-2003;0;0;PLOM0210
PLOM;;ROBINET LAVABO SCGEDEYA CLASS 1 (3 ANNEES D'ASSURANCE DE QUALITE) ;0;0;PLOM0211
PLOM;;ROBINET LAVABO NEW 16.5*13.5*6 EXECUTIVE STANDARD GB18145-2003;0;0;PLOM0212
PLOM;;ROBINET LAVABO A BOISSEAU 15/21 FIRMER COULEUR JAUNE ;0;0;PLOM0213
PLOM;;ROBINET LAVABO A BOISSEAU 15/21 FIRMER BIBCOCK COULEUR ROUGE;0;0;PLOM0214
PLOM;;ROBINET DE PUISAGE A BOISSEAU 15/21  PLASTIQUE;0;0;PLOM0215
PLOM;;VANE A BOISEAU FIMER 15/21;0;0;PLOM0216
PLOM;;ECROU 20/15;0;0;PLOM0217
PLOM;;ECROU 20/15 CORRECTEUR;0;0;PLOM0218
PLOM;;BOUCHON PRESSION DE 32;0;0;PLOM0219
PLOM;;REDUCTEUR PRESSION DE 32/25;0;0;PLOM0220
PLOM;;ECROU REDUIT 15/12;0;0;PLOM0221
PLOM;;VIDANGE LAVE MAIN;0;0;PLOM0222
PLOM;;VIDANGE LAVABO A BOND;0;0;PLOM0223
PLOM;;ROBINET DE PUISAGE A BOISEAU CHROME 15/21 EN ALUR;0;0;PLOM0224
PLOM;;FLEXIBLE DE DOUCHE;0;0;PLOM0225
PLOM;;ROBINET DE PUISAGE A BOISEAU 15/21 BLEU;1;0;PLOM0226
PLOM;;ROBINET DE DOUCHE HOME QUALITY MIXER;1;0;PLOM0227
PLOM;;ROBINET DE DOUCHE EN PLASTIQUE;0;0;PLOM0228
PLOM;;ROBINET DE PUISSAGE EN PLASTIQUE;0;0;PLOM0229
PLOM;;ROBINET URINOIRE;0;0;PLOM0230
PLOM;;QUIT DE LIQUIDE ( DISPOSITIF DE SAVON );0;0;PLOM0231
PLOM;;ROBINET DE PUISSAGE 20/27 ORDINAIRE;0;0;PLOM0232
PLOM;;ROBINET LAVABO NEW SUNA 13;0;0;PLOM0233
PLOM;;ROBINET LAVABO HOME QUALITY MIXER BD-118;0;0;PLOM0234
PLOM;;MANCHON LAITON 15/21;0;0;PLOM0235
PLOM;;EVIER 1 BAC MAXILON ITALY ISO9001;0;0;PLOM0236
PLOM;;ACIDE 30L;0;0;PLOM0237
PLOM;;DISPOSITIF SECURISE DE LAVAGE DES MAINS;0;0;PLOM0238
PLOM;;FILTRE A EAU LEO WF-02A;0;0;PLOM0239
PLOM;;TUYAUX PRESSION DE 25 ;0;0;PLOM0240
PLOM;;TUYAUX PVC DE 125;0;0;PLOM0241
CHME;;TUYAUX GOUTIERE;1;0;PLOM0242
CHME;;JONCTION;0;0;PLOM0243
AUT;;ECROU;0;0;PLOM0244
PLOM;;TUYAUX PRESSION DE 20 EPAIS ;0;0;PLOM0245
PLOM;;SIPHON EVIER 2BAC DE EVIER NON BRILLANT PETIT TROU;0;0;PLOM0246
PLOM;;MIROIR CIRCULAIRE;0;0;PLOM0247
PLOM;;PATE A GRACE;0;0;PLOM0248
PLOM;;VICE CAHE TETE AVEC CHEVILLE;0;0;PLOM0249
PLOM;;SIPHON EVIER 2BAC ORDINAIRE N2;0;0;PLOM0250
PLOM;;SIPHON EVIER 1BAC EN SACHET POUR EVIER 1BAC SANITARYA;0;0;PLOM0251
PLOM;;TUYAUX PRESSION DE 20  EP ;1;0;PLOM0252
PLOM;;LAVE MAIN MONTANA;1;0;PLOM0253
PLOM;;TUYAUX PRESSION DE 63/6M PN10 PLUS JOINTS;1;0;PLOM0254
PLOM;;WC GOLF PARMA;1;0;PLOM0255
PLOM;;RESERVOIR DE WC GOLF PARMA;1;0;PLOM0256
PLOM;;ABANTTANS DE WC GOLF PARMA;1;0;PLOM0257
PLOM;;TES PRESSION DE 63;1;0;PLRA0001
PLOM;;BOUCHON PRESSION DE 63;1;0;PLRA0002
PLOM;;COUDE PRESSION DE 63;1;0;PLRA0003
PLOM;;RACCORD D'ARROSAGE JAUNE;1;0;PLRA0004
PLOM;;TUYAUX PPR 32*5.4;1;0;PLRA0005
PLOM;;VANE A BOISSEAU PPR DE 25;1;0;PLRA0007
PLOM;;COUDE PPR TARODE 32/1;1;0;PLRA0008
PLOM;;COUDE PPR DE 32;1;0;PLRA0009
PLOM;;VANE A BOISSEAU PPR DE 32;1;0;PLRA0010
PLOM;;TUYAUX PVC DE 32;1;0;PLRA0011
PLOM;;MANCHON PPR DE 40;1;0;PLRA0012
PLOM;;COUDE PPR TARODE 25X1/2 MALE ;1;0;PLRA0013
PLOM;;COUDE PPR TARODE 25X1/2 MALE;1;0;PLRA0014
PLOM;;COUDE PPR TARODE 25X1/2 FEMELLE ;1;0;PLRA0015
PLOM;;EMBOUT PPR TARODE 25X3/4 FEMELLE;1;0;PLRA0016
PLOM;;TEE PPR TARODE 20X1/2 FEMELLE;1;0;PLRA0017
PLOM;;TEE PPR TARODE 25X1/2 FEMELLE ;1;0;PLRA0018
PLOM;;BOUCHON PPR DE 25 FEMELLE;1;0;PLRA0019
PLOM;;BOUCHON PPR 32 MALE;1;0;PLRA0020
PLOM;;EMBOUT PPR TARODE 32X1'' MALE ;1;0;PLRA0021
PLOM;;BOUCHON PPR 32 FEMELLE;1;0;PLRA0022
PLOM;;COLLIER GOUTTIERE;1;0;PLRA0023
PLOM;;DOS D'ANE PPR 25;1;0;PLRA0024
PLOM;;DOS D'ANE PPR 20 ;1;0;PLRA0025
PLOM;;EMBOUT TARODE PPR 25X1/2 MALE;1;0;PLRA0026
PLOM;;EMBOUT TARODE PPR 32X1'' FEMELLE;1;0;PLRA0027
PLOM;;REDUCTEUR PPR 25X20;1;0;PLRA0028
PLOM;;VANNE A VOLANT PPR 25;1;0;PLRA0029
PLOM;;EMBOUT PPR TARODE 25X3/4 MALE;1;0;PLRA0030
PLOM;;VANNE PPR DE LUXE 25;1;0;PLRA0031
PLOM;;EMBOUT PPR TARODE 25X1/2 FEMELLE;1;0;PLRA0032
PLOM;;REDUCTEUR PPR 32X20;1;0;PLRA0033
PLOM;;TEE DROIT PVC DE 75;1;0;PLRA0034
PLOM;;ECROU MIXT 15/21;1;0;PLRA0035
PLOM;;ECROU REDUIT 12/15;1;0;PLRA0036
PLOM;;ROBINET D'ARRET 20/27 ORDINAIRE;1;0;PLRA0037
PLOM;;MANCHON LAITON 20/27;1;0;PLRA0038
PLOM;;ROBINET D'ARRET 20/27 GRK;1;0;PLRO0001
PLOM;;ROBINET DE PUISAGE 20/27 GRK;1;0;PLRO0002
PLOM;;ROBINET DE PUISSAGE INOX 15/21;1;0;PLRO0003
PLOM;;ROBINET DE DOUCHE ;1;0;PLRO0004
PLOM;;TUYAUX PVC DE 63;1;0;PLTU0001
PLOM;;TEE PRESSION DE 63;1;0;PLTU0002
PLOM;;BE DE 63;1;0;PLTU0003
PLOM;;COLLIER METALIQUE 63;1;0;PLTU0004
PLOM;;TUYAUX PRESSION DE 63;1;0;PLTU0005
PLOM;;COMPTEUR 26/34;1;0;PLTU0006
PLOM;;TABLETTE EN PORCELAINE;1;0;PLTU0007
SER;;LAPERCHE 9458A 52V2 ASSA ABLOY;0;0;SER00001
SER;;LAPERCHE 6458 52V2 PETIT G SERRURE DE SECURITE;0;0;SER00002
SER;;LAPERCHE 9458A 52V1 SERRURE DE SECURITE;0;0;SER00003
SER;;LAPERCHE 9458C 52V1 SERRURE DE SECURITE;0;0;SER00004
SER;;CLEF D'OR AVEC POIGNEE DE PORTE REF108;0;0;SER00005
SER;;CLE AVEC POIGNE;0;0;SER00006
SER;;SOFI CLEF REF 2003;0;0;SER00007
SER;;SOFI CLEF REF 2004;0;0;SER00008
SER;;SERRURE REF 221;0;0;SER00009
SER;;SERRURE DEF 2136;0;0;SER00010
SER;;SERRURE REF 202 MICC;0;0;SER00011
SER;;SERRURE REF 404 MICC;0;0;SER00012
SER;;SERRURE REF 101 MICC;0;0;SER00013
SER;;CADNA N-45 BLOSSON;0;0;SER00014
SER;;CADNA N-55 BLOSSON;0;0;SER00015
SER;;SERRURE 6683 ;0;0;SER00016
SER;;SERRURE PACCO REF 101X174 GRAND MODELE;0;0;SER00017
SER;;SERRURE PACCO REF 75X178 PETIT MODELE;0;0;SER00018
SER;;VACHETTE ASSA ABLOY G9045;0;0;SER00019
SER;;LAPERCHE REF:9058A 52V2/GARANTIE 10 ANS;0;0;SER00020
SER;;LAPERCHE 6458 52V2 GRAND G SERRURE DE SECURITE;0;0;SER00021
SER;;POIGNE A SOUFLER IMPORTE I;0;0;SER00022
SER;;POIGNE A SOUFLER IMPORTE II;0;0;SER00023
SER;;POIGNE A SOUFLER IMPORTE III;0;0;SER00024
SER;;POIGNE A SOUFLER IMPORTE IV;0;0;SER00025
SOUD;;ETEINT BAGUETTE;0;0;SOUD0001
SOUD;;TOLE NOIR 10/10;0;0;SOUD0002
SOUD;;TOLE GALVANISE 10/10;0;0;SOUD0003
SOUD;;FER PLAT 30/3;0;0;SOUD0004
SOUD;;FER PLAT 18/3;0;0;SOUD0005
SOUD;;FER PLAT 50/4;0;0;SOUD0006
SOUD;;TOLE GALVANISE;0;0;SOUD0007
SOUD;;TUYAU GALVA 15/21 EPAIS;1;0;SOUD0008
SOUD;;TUYAU GALVA 33/42 N EP;1;0;SOUD0009
SOUD;;TUYAU GALVA 15/21 N EP;1;0;SOUD0010
SOUD;;TUYAU GALVA 26/34 N EP;1;0;SOUD0011
SOUD;;TUYAU GALVA 20/27 N EP;1;0;SOUD0012
SOUD;;TUYAU GALVA 40/49 N EP;1;0;SOUD0013
SOUD;;BARRE DE TUYAU GALVA 20/27 EP;0;0;SOUD0014
SOUD;;ERREUR;1;0;SOUD0015
SOUD;;ERREUR;1;0;SOUD0016
SOUD;;DISQUE A COUPER;0;0;SOUD0017
SOUD;;DISQUE A MELER;0;0;SOUD0018
SOUD;;PORTE EN FER DE 10;0;0;SOUD0019
SOUD;;PORTE EN FER DE 12;0;0;SOUD0020
SOUD;;TUBE CARRE DE 30 N-EP;1;0;SOUD0021
SOUD;;FER U DE 60;0;0;SOUD0022
SOUD;;LAME DE SCIE DE 18 DENTS ;0;0;SOUD0023
SOUD;;LAME DE SCIE DE 24 DENTS ;0;0;SOUD0024
SOUD;;TUYAUX  GALVANISE DE 33/42 EPAIS;1;0;SOUD0025
SOUD;;TUYAUX  GALVANISE DE 40/49 + EPAIS;1;0;SOUD0026
SOUD;;TUYAUX  GALVANISE DE 40/49  EPAIS;1;0;SOUD0027
SOUD;;TUBE RECTANGLE 40*80;1;0;SOUD0028
SOUD;;  TUYAUX GALVANISES 26/34 EPAIS;1;0;SOUD0029
SOUD;;TUBE CARRE DE 16;1;0;SOUD0030
SOUD;;BAGUETTE AR 2.5;1;0;SOUD0033
SOUD;;BAGUETTE AR 3.5;1;0;SOUD0034
SOUD;;TUBE CARRE DE 25 EP;1;0;SOUD0035
SOUD;;TUBE CARRE DE 40 EP;1;0;SOUD0036
SOUD;;TUBE CARRE DE 35 EP;1;0;SOUD0037
SOUD;;TUYAU GALVA 33/42 + EP;1;0;SOUD0038
SOUD;;SECATEUR A FLEUR N*10;1;0;SOUD0039
SOUD;;FER CORNIERE DE 30 NE;1;0;SOUD0040
SOUD;;FER PLAT 20/3;1;0;SOUD0041
SOUD;;FER CORNIERE DE 40 EP;1;0;SOUD0042
SOUD;;TOLE GALVANISE DE 12;1;0;SOUD0043
SOUD;;FERS IPN DE 100 EN 6M REF 57;1;0;SOUD0044
SOUD;;FERS IPN DE 80 EN 6M REF 63;1;0;SOUD0045
SOUD;;TUYAU GALVA 20/27 PLUS EPAIS;1;0;SOUD0046
SOUD;;TUBE CARRE DE 30 EPAIS;1;0;SOUD0047
SOUD;;TOLE NOIRE PLANE DE 10 NE;1;0;SOUD0048
SOUD;;TUBE CARRE DE 20 EPAIS;1;0;SOUD0049
SOUD;;TUYAU GALVA 15/21 P.EP;1;0;SOUD0050
SOUD;;TOLE NOIRE PLANE DE 20 NE;1;0;SOUD0051
SOUD;;TUBE CARRE DE 25 +EP;1;0;SOUD0053
SOUD;;FER CORNIERE DE 35 +EP;1;0;SOUD0054
SOUD;;FER CORNIERE DE 30 EP;1;0;SOUD0055
SOUD;;FER CORNIERE DE 25 +EP ;1;0;SOUD0056
SOUD;;TUBE CARRE DE 40 N-EP;1;0;SOUD0057
SOUD;;FER PLAT 20/10;1;0;SOUD0058
SOUD;;TUBE CARRE DE 40 + EP;1;0;SOUD0060
SOUD;;TUBE CARRE DE 35 + EP;1;0;SOUD0061
SOUD;;TUBE CARRE DE 25 +EP M;1;0;SOUD0062
SOUD;;TUBE CARRE DE 25 +EP L ;1;0;SOUD0063
SOUD;;TUBE CARRE DE 25 N-EP;1;0;SOUD0064
SOUD;;TOLE NOIRE PLANE DE 12 EP;1;0;SOUD0065
SOUD;;LAME DE 10;1;0;SOUD0066
SOUD;;TUBE RECTANGLE 30*20 NOIR + EPAIS ;1;0;SOUD0067
SOUD;;TUBE RECTANGLE 30*60 NOIR  EPAIS;1;0;SOUD0068
SOUD;;TUBE ROND 20 NOIR;1;0;SOUD0069
SOUD;;TUBE ROND 22 NOIR;1;0;SOUD0070
